id,policy_title,description_short,agency,policy_area,status,status_detail,status_source,p2025_page,last_updated,status_bucket
1,Budget Organizational Agenda,Ensure that policy officials (PADs) personally sign apportionments -- not career officials. Agencies should come to OMB for their funding allottment.,U.S. Office of Management and Budget,Budget Organizational Agenda,Completed,"Notice; Delegation of Apportionment Authority (February 18, 2025)",https://progressivereform.org/tracking-trump-2/project-2025-executive-action-tracker/,45,2026-02-11,Completed
2,Budget Organizational Agenda,The president should reintroduce the concept of administrative PAYGO to impose budget neutrality on the discretionalry choices of federal agencies,U.S. Office of Management and Budget,Budget Organizational Agenda,Not Initiated,,https://progressivereform.org/tracking-trump-2/project-2025-executive-action-tracker/,47,2026-02-11,Not initiated
3,Personnel Organizational Agenda,"The Office of Performance and Personnel Management should obtain transparency about entities that are awarded federal contracts and grants and use government contracts to push back against ""woke policies"" in corporate America.",U.S. Office of Management and Budget,Personnel Organizational Agenda,Initiated/Attempted,"Executive Order 14151 (January 20, 2025)",https://progressivereform.org/tracking-trump-2/project-2025-executive-action-tracker/,48,2026-02-11,In progress
4,Regulatory Policy and Oversight,"Maintain Executive Order 12866, then foundation of OIRA's review of regulatory actions. Require the historically ""indepdendent"" agencies to also be subject to regulatory analysis and OIRA review.",U.S. Office of Management and Budget,Regulatory Policy and Oversight,Completed,"Execuitve Order 14192 (January 31, 2025)",https://progressivereform.org/tracking-trump-2/project-2025-executive-action-tracker/,49,2026-02-11,Completed
5,Regulatory Policy and Oversight,Revive the directive in Executive Order 13891 that significant guidance documents also must pass through OIRA review.,U.S. Office of Management and Budget,Regulatory Policy and Oversight,Completed,"Execuitve Order 14148 (January 20, 2025)",https://progressivereform.org/tracking-trump-2/project-2025-executive-action-tracker/,49,2026-02-11,Completed
6,Regulatory Policy and Oversight,"Reinstate previous executive orders that were designed to make the regulatory process more just, efficient, and transparent: EOs 13771, 13777, 13891, 13892,13893, 13294 Section 6, 13980",U.S. Office of Management and Budget,Regulatory Policy and Oversight,Completed,"Execuitve Order 14148 (January 20, 2025)",https://progressivereform.org/tracking-trump-2/project-2025-executive-action-tracker/,49,2026-02-11,Completed
7,Regulatory Policy and Oversight,Strengthen Executive order 13132 so that state regulatory and fiscal operations are not commaneered by the federal government through cooperative federalism programs,U.S. Office of Management and Budget,Regulatory Policy and Oversight,Not Initiated,,https://progressivereform.org/tracking-trump-2/project-2025-executive-action-tracker/,49,2026-02-11,Not initiated
8,Regulatory Policy and Oversight,"Strengthen implementation of the Information Quality Act, robustly use the authority of the Paperwork Reduction Act, carefully enforce the Privacy Act, and ensure the sound execution of OIRA’s statistical and other information policy functions",U.S. Office of Management and Budget,Regulatory Policy and Oversight,Completed,"Executive Order 14303 (May 23, 2025)",https://progressivereform.org/tracking-trump-2/project-2025-executive-action-tracker/,50,2026-02-11,Completed
9,National Security,The NSA should immediately evaluate and eliminate directorates that are not aligned with the President’s agenda and replace them with new directorates as appropriate that can drive implementation of the President’s signature national security priorities.,U.S. Office of Management and Budget,National Security,Not Initiated,,https://progressivereform.org/tracking-trump-2/project-2025-executive-action-tracker/,51,2026-02-11,Not initiated
10,National Security,"NSC staff and principals should work in tandem with the National Economic Council and OMB at all levels -- foreign policy should fully incorporate the economic instruments of national power, including the prioritized allocation of resoures",U.S. Office of Management and Budget,National Security,Not Initiated,,https://progressivereform.org/tracking-trump-2/project-2025-executive-action-tracker/,51,2026-02-11,Not initiated
11,Personnel Organizational Agenda,"The NSC should  reduce the number of positions that need high-level clearances -- If certain staff are determined not to need high-level clearances, the question becomes whether they should be part of the NSC at all.",U.S. Office of Management and Budget,Personnel Organizational Agenda,Initiated/Attempted,"Mass firing of NSC staff admidst major reorganization effort, Press Reports (May 23, 2025)",https://progressivereform.org/tracking-trump-2/project-2025-executive-action-tracker/,52,2026-02-11,In progress
12,National Security,The National Defense Strategy should be prioritized for White House review by the NSC and OMB. Both should also conduct reviews of operational war plans and global force planning and allocations with the Secretary of Defense to align them with presidential priorities and review all key policy and guidance,U.S. Office of Management and Budget,National Security,Completed,2025 National Security Strategy released in November,https://progressivereform.org/tracking-trump-2/project-2025-executive-action-tracker/,52,2026-02-11,Completed
13,National Security,"The NSC should rigorously review all general and flag officer promotions to prioritize the core roles and responsibilities of the military over social engineering and non-defense matters, including climate change, critical race theory, manufactured extremism, and other polarizing policies that weaken our armed forces and discourage our nation’s finest men and women from enlisting to serve in defense of our liberty.",U.S. Office of Management and Budget,National Security,Proposed,"Executive Order 14185 (January 27, 2025)",https://progressivereform.org/tracking-trump-2/project-2025-executive-action-tracker/,,2026-02-11,In progress
14,National Security,The NSA should return all nonessential detailees to their home agencies on their first day in office so that the new Administration can proceed efficiently without the personnel land mines left by the previous stewards and as soon as possible should replace all essential detailees with staff aligned to the new President’s priorities,U.S. Office of Management and Budget,National Security,Initiated/Attempted,AP Reports 160 NSC Detailees put on leave on Day One,https://progressivereform.org/tracking-trump-2/project-2025-executive-action-tracker/,52,2026-02-11,In progress
15,Economic and Trade Policy,The NEC Director should chair a standing meeting with the principals from each of the other EOP offices to enhance coordination from within the White House,U.S. Office of Management and Budget,Economic and Trade Policy,Not Initiated,,https://progressivereform.org/tracking-trump-2/project-2025-executive-action-tracker/,54,2026-02-11,Not initiated
16,Economic and Trade Policy,"The USTR should organize and harness existing interagency trade committees to serve the President’s trade agenda and drive a consensus among federal stakeholders, dispose of legacy advisory committees with members who serve special interests, direct action to implement policy priorities, measure progress toward implementing the President’s agenda, and hold agencies and officials accountable for delivering the President’s agenda",U.S. Office of Management and Budget,Economic and Trade Policy,Not Initiated,,https://progressivereform.org/tracking-trump-2/project-2025-executive-action-tracker/,55,2026-02-11,Not initiated
17,Economic and Trade Policy,Depart from the current academic-year based hiring schedule for senior economists (as this often leaves holdovers from previous administrations) and consider hiring that reflects the White House calendar (mid-January) and involves the Office of Presidential Personnel.,U.S. Office of Management and Budget,Economic and Trade Policy,Initiated/Attempted,It appears that at least a few of the eexisting CEA senior economists were appionted by Trump soon after his annauguration,https://progressivereform.org/tracking-trump-2/project-2025-executive-action-tracker/,57,2026-02-11,In progress
18,Budget Organizational Agenda,OMB should collaborate with the National Space Council (NSpC) to promote presidential priorities while finding offsets in lower-priority programs and funding lines.,U.S. Office of Management and Budget,Budget Organizational Agenda,Not Initiated,,https://progressivereform.org/tracking-trump-2/project-2025-executive-action-tracker/,58,2026-02-11,Not initiated
19,Regulatory Policy and Oversight,"If science is being manipulated at the agencies to support separate political and institutional agendas, the President should increase the prominence of the OSTP’s Director either formally or informally. This would elevate the role of science in policy discussions and subsequent outcomes.",U.S. Office of Management and Budget,Regulatory Policy and Oversight,Completed,"Executive Order on Restoring Gold Standard Science (May 23, 2025)",https://progressivereform.org/tracking-trump-2/project-2025-executive-action-tracker/,59,2026-02-11,Completed
20,Regulatory Policy and Oversight,"The President should issue an executive order to reshape the U.S. Global Change Research Program (USGCRP) and related climate change research programs. He should critically analyze and, if required, refuse to accept any USGCRP assessment prepared under the Biden Administration.",U.S. Office of Management and Budget,Regulatory Policy and Oversight,Proposed,"Press reports that the Trump administration plans to cancel funding for the USGCRP (April 9, 2025)",https://progressivereform.org/tracking-trump-2/project-2025-executive-action-tracker/,59,2026-02-11,In progress
21,DEI,"Unwinding policies and procedures that are used to advance radical gender, racial, and equity initiatives under the banner of science. Reverse the Biden Adimistrations’s leveraging of the federal government’s resources to further the woke agenda -- scientific excellence and innovation should be restored as the OSTP’s top priority.",U.S. Office of Management and Budget,DEI,Not Initiated,,https://progressivereform.org/tracking-trump-2/project-2025-executive-action-tracker/,60,2026-02-11,Not initiated
22,Regulatory Policy and Oversight,"The President should instruct the Council on Environmental Quality to rewrite its regulations implementing NEPA along the lines of the historic 2020 effort and restoring its key provisions such as banning the use of cumulative impact analysis -- overall goal of building on the Supreme Court ruling that “CEQ’s interpretation of NEPA is entitled to substantial deference.""",U.S. Office of Management and Budget,Regulatory Policy and Oversight,Completed,"Interim Final Rule repealing NEPA rules signed on February 19, 2025",https://progressivereform.org/tracking-trump-2/project-2025-executive-action-tracker/,60,2026-02-11,Completed
23,Regulatory Policy and Oversight,"Frame the new regulations to limit the scope for judicial review of agency NEPA analysis and judicial remedies, as well as to vindicate the strong public interest in e!ective and timely agency action.",U.S. Office of Management and Budget,Regulatory Policy and Oversight,Completed,"Interim Final Rule repealing NEPA rules signed on February 19, 2025",https://progressivereform.org/tracking-trump-2/project-2025-executive-action-tracker/,60,2026-02-11,Completed
24,Regulatory Policy and Oversight,Further empower the Federal Permitting Improvement Steering Cuncil by making its Executive Director an EOP appointee with delegated presidential directive authority over executive branch permitting agencies.,U.S. Office of Management and Budget,Regulatory Policy and Oversight,Completed,"Trump appointed Emily Domenech as the Executive Director of the Council on May 28, 2025",https://progressivereform.org/tracking-trump-2/project-2025-executive-action-tracker/,61,2026-02-11,Completed
25,Regulatory Policy and Oversight,Issue a new executive order to create a unified process for major infrastructure projects that includes giving project proponents more control of any regulatory clocks.,U.S. Office of Management and Budget,Regulatory Policy and Oversight,Completed,"Executive Order 13766 (January 24, 2025)",https://progressivereform.org/tracking-trump-2/project-2025-executive-action-tracker/,61,2026-02-11,Completed
26,Environment/Climate,Issue an executive order establishing a Senior Advisor to coordinate the policy development and implementation of relevant energy and environment policy by officials across the EOP and abolishing the existing Office of Domestic Climate Policy.,U.S. Office of Management and Budget,Environment/Climate,Completed,"National Energy Dominance Council established February 14, 2025",https://progressivereform.org/tracking-trump-2/project-2025-executive-action-tracker/,61,2026-02-11,Completed
27,Environment/Climate,"Eliminate the Interagency Working Group on the Social Cost of Carbon (SCC), which is cochaired by the OSTP, OMB, and CEA, and by executive order should end the use of SCC analysis",U.S. Office of Management and Budget,Environment/Climate,Completed,"Executive Order 14154 (January 20, 2025)",https://progressivereform.org/tracking-trump-2/project-2025-executive-action-tracker/,61,2026-02-11,Completed
28,Budget Organizational Agenda,It is imperative that a political appointee lead the ONDCP budget office to ensure coordination between the OMB Program Associate Director and the ONDCP budgetary appointee.,U.S. Office of Management and Budget,Budget Organizational Agenda,Completed,"Announced appointment of Sara Carter as the Director of the Office of National Drug Control Policy with a post on Truth Social (March 28, 2025)",https://progressivereform.org/tracking-trump-2/project-2025-executive-action-tracker/,62,2026-02-11,Completed
29,Regulatory Policy and Oversight,"ONDCP Director must ensure that grant programs are funding the President’s drug control priorities and not woke nonprofits with leftist policy agendas -- The administration will successfully do this by ensuring ONDCP is managed by political appointess committed to advancing the president's agenda. This shift reduces the number of career personnel needed, including military officials.",U.S. Office of Management and Budget,Regulatory Policy and Oversight,Completed,"Press release, ""ONDCP To Recompete Drug-Free Communities (DFC) Grants To Ensure Compliance With President Trump’s Executive Orders"" (September 26, 2025)",https://progressivereform.org/tracking-trump-2/project-2025-executive-action-tracker/,62,2026-02-11,Completed
30,DEI,"Immediately revoke Executive Order 14020 and every policy, including subregulatory guidance documents, produced on behalf of or related to the establishment or promotion of the Gender Policy Council and its subsidiary issues",U.S. Office of Management and Budget,DEI,Completed,"Executive Order 14168 (January 20, 2025)",https://progressivereform.org/tracking-trump-2/project-2025-executive-action-tracker/,62,2026-02-11,Completed
31,Personnel Organizational Agenda,The President should appoint a position/point of contact with the rank of Special Assistant to the President or higher to coordinate and lead the President’s domestic priorities on issues related to life and family in cooperation with the Domestic Policy Council.,U.S. Office of Management and Budget,Personnel Organizational Agenda,Initiated/Attempted,"Partial: Executive Order 14205  (February 7, 2025)",https://progressivereform.org/tracking-trump-2/project-2025-executive-action-tracker/,62,2026-02-11,In progress
32,Agricultural Productivity vs. Climate & Environmental Agendas,The administration should remove the U.S. from any association with U.N. and other efforts to push sustainable-development schemes connected to food production.,U.S. Department of Agriculture,Agricultural Productivity vs. Climate & Environmental Agendas,Initiated/Attempted,"US withdraws from 66 UN and other international NGOs (Jan. 7, 2026).",https://progressivereform.org/tracking-trump-2/project-2025-executive-action-tracker/,293,2026-02-11,In progress
33,Agricultural Productivity vs. Climate & Environmental Agendas,"Issue an executive order to remove all references to transforming the food system on its website and other department-disseminated material, and it should expressly and regularly communicate the principles informing the objectives listed above, as well as promote these principles through legislative efforts.",U.S. Department of Agriculture,Agricultural Productivity vs. Climate & Environmental Agendas,Not Initiated,,https://progressivereform.org/tracking-trump-2/project-2025-executive-action-tracker/,293-294,2026-02-11,Not initiated
34,Welfare Reform & Food Assistance Programs,The administration should reform SNAP by re-implementing and bolstering the work requirements for eligibility.,U.S. Department of Agriculture,Welfare Reform & Food Assistance Programs,Completed,"OBBBA SNAP Work Requirements (Jul. 4, 2025)",https://progressivereform.org/tracking-trump-2/project-2025-executive-action-tracker/,299,2026-02-11,Completed
35,Welfare Reform & Food Assistance Programs,The administration should reform WIC by reforming the state voucher system to eliminate monopolies and re-evaluate the delays in the manufacturing and selling of baby formula.,U.S. Department of Agriculture,Welfare Reform & Food Assistance Programs,Not Initiated,,https://progressivereform.org/tracking-trump-2/project-2025-executive-action-tracker/,301,2026-02-11,Not initiated
36,Welfare Reform & Food Assistance Programs,The USDA should issue a rule that clarifies that only an individual school or school district must meet the 40% criteria to be eligible for CEP.,U.S. Department of Agriculture,Welfare Reform & Food Assistance Programs,Not Initiated,,https://progressivereform.org/tracking-trump-2/project-2025-executive-action-tracker/,303,2026-02-11,Not initiated
37,Agricultural Subsidies & Financial Assistance Reforms,"The USDA should work with Congress to eliminate the Conservation Reserve Program, a voluntary program that encourages farmers and landowners to convert highly erodible and other environmentally sensitive acreage to vegetative cover.",U.S. Department of Agriculture,Agricultural Subsidies & Financial Assistance Reforms,Not Initiated,,https://progressivereform.org/tracking-trump-2/project-2025-executive-action-tracker/,303,2026-02-11,Not initiated
38,Trade & Market Reforms,"The administration should focus on removing obstacles for agricultural biotechnology, including by implementing stronger counter scare tactics and adoping policies to remove unnecessary barriers.",U.S. Department of Agriculture,Trade & Market Reforms,Not Initiated,,https://progressivereform.org/tracking-trump-2/project-2025-executive-action-tracker/,307,2026-02-11,Not initiated
39,Trade & Market Reforms,The USDA should work with the USTR to remove improper barriers imposed by other countries to block U.S. agricultural goods.,U.S. Department of Agriculture,Trade & Market Reforms,Not Initiated,,https://progressivereform.org/tracking-trump-2/project-2025-executive-action-tracker/,307,2026-02-11,Not initiated
40,Forest Management & Wildfire Prevention,"The next administration should reform the Forest Service by issuing executive orders and passing legislation that would promote active management of vegetation, reduce regulatory obstacles to reducing fuel buildup, and increase timber sales.",U.S. Department of Agriculture,Forest Management & Wildfire Prevention,Completed,"Executive Order 14308 (Jun. 12, 2025); Executive Order 14225 (Mar. 1, 2025);
Secretarial Memorandum 1078-006 (April 3, 2025);
Roadless Rule rescission (June 23, 2025);
Secretarial Memorandum 1078-017 (September 15, 2025);
News Release - relocation of USFS Headquarters to Salt Lake City (March 31, 2026)",https://progressivereform.org/tracking-trump-2/project-2025-executive-action-tracker/,307,2026-02-11,Completed
41,Forest Management & Wildfire Prevention,"The next administration should reform the Dietary Guidelines, in partnership with HHS, to either develop a more transparent process that properly considers the underlying science and does not overstate findings or to repeal them completely.",U.S. Department of Agriculture,Forest Management & Wildfire Prevention,Completed,"Trump Administration Resets U.S. Nutrition Policy, Puts Real Food Back at the Center of Health (Jan. 7, 2026)",https://progressivereform.org/tracking-trump-2/project-2025-executive-action-tracker/,308,2026-02-11,Completed
42,Agency Structure,"The administration should transfer Title I, Part A, which provides federal funding for lower-income school districts, to HHS, specifically the Administration for Children and Families. It should be administered as a no-strings-attached formula block grant.",U.S. Department of Education,Agency Structure,Initiated/Attempted,Certain formula programs moving to DOL.,https://progressivereform.org/tracking-trump-2/project-2025-executive-action-tracker/,325,2026-02-11,In progress
43,Agency Structure,Restore revenue responsibility for Title I funding to the states over a 10-year period. It should not be verseen by OESE.,U.S. Department of Education,Agency Structure,Proposed,"Executive Order, Improving Education Outcomes by Empowering Parents, States, and Communities (Mar. 20, 2025)",https://progressivereform.org/tracking-trump-2/project-2025-executive-action-tracker/,326,2026-02-11,In progress
44,Agency Structure,OESE should eliminate Impact Aid not tied to students.,U.S. Department of Education,Agency Structure,Proposed,"Some members of Congress fear that cuts to Department staff and funding could affect Impact Aid. Letter from Members of Congress to Linda McMahon, Secretary of Education (April 8, 2025)",https://progressivereform.org/tracking-trump-2/project-2025-executive-action-tracker/,326,2026-02-11,In progress
45,Agency Structure,OESE should move student-driven Impact Aid programs to the Department of Defense Education Authority (DoDEA) or the Department of Interior’s Bureau of Indian Education.,U.S. Department of Education,Agency Structure,Not Initiated,,https://progressivereform.org/tracking-trump-2/project-2025-executive-action-tracker/,326,2026-02-11,Not initiated
46,Agency Structure,Transfer all Indian education programs within OESE to the Bureau of Indian Education.,U.S. Department of Education,Agency Structure,Initiated/Attempted,"As of March, OESE has lost 17% of its staff. Civil Rights, Research, and More: What's Hit Hardest by Massive Ed. Dept. Cuts, Ed. Week (Mar. 17, 2025)",https://progressivereform.org/tracking-trump-2/project-2025-executive-action-tracker/,326,2026-02-11,In progress
47,Agency Structure,"The D.C. Opportunity Scholarship Program, which provides vouchers to low-income children living in the nation’s capital—appropriate as D.C. is under the jurisdiction of Congress—should be expanded into a universal program, formula-funded, and moved to the Department of Health and Human Services.",U.S. Department of Education,Agency Structure,Not Initiated,,https://progressivereform.org/tracking-trump-2/project-2025-executive-action-tracker/,326,2026-02-11,Not initiated
48,Agency Structure,All other programs at OESE should be block-granted or eliminated.,U.S. Department of Education,Agency Structure,Initiated/Attempted,"As of March, OESE has lost 17% of its staff. Civil Rights, Research, and More: What's Hit Hardest by Massive Ed. Dept. Cuts, Ed. Week (Mar. 17, 2025)",https://progressivereform.org/tracking-trump-2/project-2025-executive-action-tracker/,326,2026-02-11,In progress
49,Agency Structure,"Transfer the Office of Career, Technical, and Adult Education’s programs to the Department of Labor, but move the Tribally Controlled Postsecondary Career and Technical Education Program to the Bureau of Indian Education.",U.S. Department of Education,Agency Structure,Completed,Trump Admin. Starts Moving CTE to Labor Dep't After Supreme Court Order,https://progressivereform.org/tracking-trump-2/project-2025-executive-action-tracker/,327,2026-02-11,Completed
50,Agency Structure,Most IDEA funding should be converted into a no-strings formula block grant targeted at students with disabilities and distributed directly to local education agencies by Health and Human Service’s Administration for Community Living.,U.S. Department of Education,Agency Structure,Proposed,"Lexi Lonas Cochran, Trump Says Student Loans Moving to SBA, ""Special Needs"" to HHS, The Hill (Mar. 21, 2025)",https://progressivereform.org/tracking-trump-2/project-2025-executive-action-tracker/,327,2026-02-11,In progress
51,Agency Structure,Transfer the Vocational Rehabilitation Grants for Native American students to the Bureau of Indian Education.,U.S. Department of Education,Agency Structure,Proposed,"Rounds Re-Introduces Bill to Eliminate Federal Department of Education, S. Dakota Searchlight (Apr. 9, 2025)",https://progressivereform.org/tracking-trump-2/project-2025-executive-action-tracker/,327,2026-02-11,In progress
52,Agency Structure,Programs deemed important to our national security interests should be moved to the Department of State.,U.S. Department of Education,Agency Structure,Not Initiated,,https://progressivereform.org/tracking-trump-2/project-2025-executive-action-tracker/,328,2026-02-11,Not initiated
53,Agency Structure,"Move ED's statistical office, the National Commission for Education Statistics, to the Department of Commerce's Census Bureau.",U.S. Department of Education,Agency Structure,Not Initiated,,https://progressivereform.org/tracking-trump-2/project-2025-executive-action-tracker/,328,2026-02-11,Not initiated
54,Agency Structure,OCR should move to the Department of Justice.,U.S. Department of Education,Agency Structure,Initiated/Attempted,"Cf. Michael C. Bender & Rachel Nostrant, Trump Firings Gut Education Department's Civil Rights Division, N.Y. Times (Mar. 13, 2025)",https://progressivereform.org/tracking-trump-2/project-2025-executive-action-tracker/,330,2026-02-11,In progress
55,Civil Rights,"The administation should rescind the changes made by OCR to collect data on a new '""nonbinary"" sex category.",U.S. Department of Education,Civil Rights,Proposed,"Education Department proposes removing trans, nonbinary student categories from mandated data collection",https://progressivereform.org/tracking-trump-2/project-2025-executive-action-tracker/,332,2026-02-11,In progress
56,Student Loans,The administration must commence negotiated rulemaking to rescind the Department's 2023 final regulations addressing loan forgiveness. It must propose that the department rescind the regulations.,U.S. Department of Education,Student Loans,Proposed,"Intent to Receive Public Feedback for the Development of Proposed Regulations and Establish Negotiated Rulemaking Committee, 90 Fed. Reg. 14741 (Apr. 4, 2025)",https://progressivereform.org/tracking-trump-2/project-2025-executive-action-tracker/,332,2026-02-11,In progress
57,Grantmaking/Programmatic Ops,The administration must rescind Dear Colleague Letters 22-11 and 22-10 and its letters to accreditation agencies.,U.S. Department of Education,Grantmaking/Programmatic Ops,Completed,"See Dear Colleague Letter (May 1, 2025)",https://progressivereform.org/tracking-trump-2/project-2025-executive-action-tracker/,332,2026-02-11,Completed
58,Title IX,"Begin a rulemaking process to rescind the current Administration’s Title IX regulations; restore the Title IX regulations promulgated by then-Secretary Betsy DeVos on May 19, 2020; and define “sex” under Title IX to mean only biological sex recognized at birth.",U.S. Department of Education,Title IX,Initiated/Attempted,"In light of vacatur of 2024 Title IX rule, the Dep't of Ed. is now enforcing the 2020 Title IX rule. See here.",https://progressivereform.org/tracking-trump-2/project-2025-executive-action-tracker/,333,2026-02-11,In progress
59,Title IX,"Restore the Trump Administration’s Title IX regulation, with the additional insistence that “sex” is properly understood as a fixed biological fact. Official notice-and-comment should be posted immediately.",U.S. Department of Education,Title IX,Initiated/Attempted,"In light of vacatur of 2024 Title IX rule, the Dep't of Ed. is now enforcing the 2020 Title IX rule. See here.",https://progressivereform.org/tracking-trump-2/project-2025-executive-action-tracker/,334,2026-02-11,In progress
60,Title IX,"All ongoing investigations should be dropped, and all school districts affected should be given notice that they are free to drop any policy changes pursued under pressure from the Biden Administration.",U.S. Department of Education,Title IX,Initiated/Attempted,"Cf. Michael C. Bender & Rachel Nostrant, Trump Firings Gut Education Department's Civil Rights Division, N.Y. Times (Mar. 13, 2025)",https://progressivereform.org/tracking-trump-2/project-2025-executive-action-tracker/,334,2026-02-11,In progress
61,Title VI,The new administration should direct the department and DOJ jointly to issue enforcement guidance stating that the agencies will no longer investigate Title VI cases that exclusively rest on allegations of disparate impact.,U.S. Department of Education,Title VI,Completed,DOJ Drops “Disparate-Impact” Liability from Title VI: What this Means for Institutions of Higher Education,https://progressivereform.org/tracking-trump-2/project-2025-executive-action-tracker/,335,2026-02-11,Completed
62,Title VI,The next administation should rescind the guidance on school discipline implemented by the Obama administration and reinstated during the Biden administration.,U.S. Department of Education,Title VI,Completed,Fact Sheet: President Donald J. Trump Reinstates Commonsense School Dscipline Policies,https://progressivereform.org/tracking-trump-2/project-2025-executive-action-tracker/,335,2026-02-11,Completed
63,Title VI,The next Secretary of Education should work with the next AG on a regulation that state that Title VI of the Civil Rights Act does not include a disparate impact standard.,U.S. Department of Education,Title VI,Proposed,These regulations are under consideration at OIRA. See here.,https://progressivereform.org/tracking-trump-2/project-2025-executive-action-tracker/,335,2026-02-11,In progress
64,IDEA,"Effective January 18, 2017, the department issued final regulations under Part B of IDEA that require states to consider race and ethnicity in the identification, placement, and discipline of students with disabilities. The new Administration should rescind this regulation.",U.S. Department of Education,IDEA,Not Initiated,,https://progressivereform.org/tracking-trump-2/project-2025-executive-action-tracker/,336,2026-02-11,Not initiated
65,IDEA,"The next Administration should immediately commence rulemaking to rescind the Equity in IDEA regulation. No replacement regulation
is required.",U.S. Department of Education,IDEA,Not Initiated,,https://progressivereform.org/tracking-trump-2/project-2025-executive-action-tracker/,336,2026-02-11,Not initiated
66,School meals,The next Administration should prohibit the USDA or any other federal agency from withholding services from federal or state agencies—including but not limited to K–12 schools—that choose not to replace “sex” with “SOGI” in that agency’s administration of Title IX.,U.S. Department of Education,School meals,Completed,"Guidance on the Interpretation of Discrimination Based on ""Sex"" in USDA Child Nutrition Programs",https://progressivereform.org/tracking-trump-2/project-2025-executive-action-tracker/,337,2026-02-11,Completed
67,Student Loans,The Secretary should phase out all existing income-driven repayment plans by making new loans ineligible.,U.S. Department of Education,Student Loans,Not Initiated,,https://progressivereform.org/tracking-trump-2/project-2025-executive-action-tracker/,337,2026-02-11,Not initiated
68,Agency Structure,"The new Administration must end the prior Administration’s abuse of the agency’s payment pause and HEA loan forgiveness programs, including borrower defense to repayment, closed school discharge, and Public Service Loan Forgiveness.",U.S. Department of Education,Agency Structure,Initiated/Attempted,U.S. Department of Education Issues Proposed Public Service Program Rules to Protect American Taxpayers,https://progressivereform.org/tracking-trump-2/project-2025-executive-action-tracker/,340,2026-02-11,In progress
69,Agency Structure,The new Administration should also take immediate steps to commence the rulemaking process to rescind or substantially modify the prior Administration’s HEA regulations.,U.S. Department of Education,Agency Structure,Proposed,"Intent to Receive Public Feedback for the Development of Proposed Regulations and Establish Negotiated Rulemaking Committee, 90 Fed. Reg. 14741 (Apr. 4, 2025)",https://progressivereform.org/tracking-trump-2/project-2025-executive-action-tracker/,340,2026-02-11,In progress
70,Civil Rights,"The President should immediately reinstate and reissue Executive Order 13891: Promoting the Rule of Law Through Improved
Agency Guidance Documents, 84 Fed. Reg. 55235 (Oct. 9, 2019),
and Executive Order 13892: Promoting the Rule of Law Through Transparency and Fairness in Civil Administrative Enforcement and Adjudication (Oct. 15, 2019).",U.S. Department of Education,Civil Rights,Completed,"Executive Order, Initial Rescissions of Harmful Executive Orders and Actions (Jan. 20, 2025)",https://progressivereform.org/tracking-trump-2/project-2025-executive-action-tracker/,357,2026-02-11,Completed
71,Agency Structure,The President should issue an executive order requiring the Office for Civil Rights’ Case Processing Manual to go through APA (Administrative Procedures Act) notice and comment.,U.S. Department of Education,Agency Structure,Not Initiated,,https://progressivereform.org/tracking-trump-2/project-2025-executive-action-tracker/,357,2026-02-11,Not initiated
72,Civil Rights,The President should issue an executive order requiring grant applications (SF-424 series) to contain assurances that the applicant will uphold the First Amendment in funded programs and work.,U.S. Department of Education,Civil Rights,Not Initiated,,https://progressivereform.org/tracking-trump-2/project-2025-executive-action-tracker/,357,2026-02-11,Not initiated
73,HEA,The President should issue an executive order stating that a college degree shall not be required for any federal job unless the requirements of the job specifically demand it.,U.S. Department of Education,HEA,Completed,The Merit Hiring Plan discusses unnecessary degree requirements,https://progressivereform.org/tracking-trump-2/project-2025-executive-action-tracker/,357,2026-02-11,Completed
74,Civil Rights,Issue an executive order so that educational institutions can claim a religious exemption with the Office for Civil Rights at the Department,U.S. Department of Education,Civil Rights,Not Initiated,,https://progressivereform.org/tracking-trump-2/project-2025-executive-action-tracker/,357,2026-02-11,Not initiated
75,HEA,"The “list of shame” of faith-based colleges, as it came to be known, has since been archived on ED’s website, still publicly available. The President should issue an executive order removing the archived list and preventing such a list from being published in the future.",U.S. Department of Education,HEA,Completed,The URL for this list is no longer active.,https://progressivereform.org/tracking-trump-2/project-2025-executive-action-tracker/,357,2026-02-11,Completed
76,Department Reform and Standards,The Department of Energy should be renamed as the Department of of Energy Security and Advanced Science (DESAS).,U.S. Department of Energy,Department Reform and Standards,Not Initiated,,https://progressivereform.org/tracking-trump-2/project-2025-executive-action-tracker/,366,2026-02-11,Not initiated
77,Department and Program Funding,"The DESAS should eliminate special-interest funding programs such as the DOE Office of Clean Energy Demonstrations (OCED), Office of State and Community Energy Programs, ARPA-E, Office of Grid Deployment (OGD), and DOE Loan Program.",U.S. Department of Energy,Department and Program Funding,Completed,"Partial: DOE's structure no longer shows Office of Energy Efficiency and Renewable Energy, the Office of Clean Energy Demonstrations, the Office of State and Community Energy Programs, the Office of Federal Energy Management Program and the grid deployment office.",https://progressivereform.org/tracking-trump-2/project-2025-executive-action-tracker/,368,2026-02-11,Completed
78,Department and Program Funding,"The next administration should fund the design, development, and deployment of new nuclear warheads, including the production of plutonium pits in quantity.",U.S. Department of Energy,Department and Program Funding,Initiated/Attempted,"Secretarial Order ""Unleashing the Golden Era of American Energy Dominance"" (February 5, 2025);
Oak Ridge National Laboratory Creates New Testbed to Propel Research on Nuclear Powered Rockets (April 2, 2025)",https://progressivereform.org/tracking-trump-2/project-2025-executive-action-tracker/,372,2026-02-11,In progress
79,Department Reform and Standards,The next Administration should limit the the Office of Nuclear Energy's size and scope in the commercial nuclear and energy industry.,U.S. Department of Energy,Department Reform and Standards,Not Initiated,,https://progressivereform.org/tracking-trump-2/project-2025-executive-action-tracker/,375,2026-02-11,Not initiated
80,Department and/or Program Elimination,"Eliminate the Grid Deployment Office (GDO) and assign necessary activities to the reformed Office of Cybersecurity, Energy Security, and Emergency Response (CESER).",U.S. Department of Energy,Department and/or Program Elimination,Initiated/Attempted,Related: Dimished capacity makes it impossible to fulfill goals,https://progressivereform.org/tracking-trump-2/project-2025-executive-action-tracker/,380,2026-02-11,In progress
81,Personnel Organizational Agenda,The Administration should end the DOE/GDO's role in grid planning for the benefit of renewable developers.,U.S. Department of Energy,Personnel Organizational Agenda,Completed,"DOE's structure no longer shows Office of Energy Efficiency and Renewable Energy, the Office of Clean Energy Demonstrations, and the grid deployment office.",https://progressivereform.org/tracking-trump-2/project-2025-executive-action-tracker/,381,2026-02-11,Completed
82,Energy and Electricity Infrastructure,The new administration should limit the use of new loan or loan guarantee authority to projects that will promote the reliability and resilience of the electric grid and other energy infrastructure and support national security objectives.,U.S. Department of Energy,Energy and Electricity Infrastructure,Completed,"Office of Energy Dominance Financing
Unleashing American Energy Infrastructure & Innovation",https://progressivereform.org/tracking-trump-2/project-2025-executive-action-tracker/,384,2026-02-11,Completed
83,Loan Program Office,"The administration should establish clear mandatory qualifications requiring applicants to comply with the Uyghur Forced Labor Prevention Act and to certify that they are not financed with any other local, state, or federal taxpayer-backed loan, loan guarantee, or bond (such as a state “green bank”).",U.S. Department of Energy,Loan Program Office,Not Initiated,,https://progressivereform.org/tracking-trump-2/project-2025-executive-action-tracker/,384,2026-02-11,Not initiated
84,Department and/or Program Elimination,The administration should eliminate the Advanced Research Projects Agency-Energy (ARPA-E) due to their duplicative efforts (as their mission is too similar to the work being done at other DOE offices) and risking taxpayer dollars on decisions that should be made within the private sector.,U.S. Department of Energy,Department and/or Program Elimination,Not Initiated,,https://progressivereform.org/tracking-trump-2/project-2025-executive-action-tracker/,385,2026-02-11,Not initiated
85,Regulatory Standards and Policy,The President should refuse to provide climate reparations under an unratified treaty.,U.S. Department of Energy,Regulatory Standards and Policy,Initiated/Attempted,"Executive Order 14162 (February 6, 2025)",https://progressivereform.org/tracking-trump-2/project-2025-executive-action-tracker/,340,2026-02-11,In progress
86,Energy and Electricity Infrastructure,The administration should expand the Arctic Energy Office (AE) operations in Alaska to focus on broader national energy security interests.,U.S. Department of Energy,Energy and Electricity Infrastructure,Initiated/Attempted,"Related: M-Opinion 37059 (May 5, 2025)",https://progressivereform.org/tracking-trump-2/project-2025-executive-action-tracker/,390,2026-02-11,In progress
87,Department Reform and Standards,The next administration should have the Office of Environmental Management (EM) enact a 10-year program to complete all sites by 2035.,U.S. Department of Energy,Department Reform and Standards,Not Initiated,,https://progressivereform.org/tracking-trump-2/project-2025-executive-action-tracker/,395,2026-02-11,Not initiated
88,Department Reform and Standards,The next administration should fully implement High-Level Waste determination across the DOE complex.,U.S. Department of Energy,Department Reform and Standards,Not Initiated,,https://progressivereform.org/tracking-trump-2/project-2025-executive-action-tracker/,395,2026-02-11,Not initiated
89,Commercial Waste,The next administration should increase the use of commercial waste disposal to accelerate cleanup and reduce local post-cleanup environmental liability at multiple sites.,U.S. Department of Energy,Commercial Waste,Not Initiated,,https://progressivereform.org/tracking-trump-2/project-2025-executive-action-tracker/,396,2026-02-11,Not initiated
90,Personnel Organizational Agenda,The next administration should establish more direct leadership and accountability to the Deputy Secretary consistent with Government Accountability Office recommendations.,U.S. Department of Energy,Personnel Organizational Agenda,Not Initiated,,https://progressivereform.org/tracking-trump-2/project-2025-executive-action-tracker/,396,2026-02-11,Not initiated
91,Energy and Electricity Infrastructure,The next administration should have the DOE restart the Yucca Mountain licensing process.,U.S. Department of Energy,Energy and Electricity Infrastructure,Not Initiated,,https://progressivereform.org/tracking-trump-2/project-2025-executive-action-tracker/,397,2026-02-11,Not initiated
92,Energy and Electricity Costs,The next administration should develop new NWF funding and accounting mechanisms that allow licensed nuclear operators to guarantee resources for future nuclear waste disposal while also maintaining control of those resources.,U.S. Department of Energy,Energy and Electricity Costs,Not Initiated,,https://progressivereform.org/tracking-trump-2/project-2025-executive-action-tracker/,398,2026-02-11,Not initiated
93,Department Reform and Standards,"The next administration should reestablish, consistent with the Nuclear Waste Policy Act, the position of Director of the Office of Civilian Radioactive Waste Management.",U.S. Department of Energy,Department Reform and Standards,Not Initiated,,https://progressivereform.org/tracking-trump-2/project-2025-executive-action-tracker/,398,2026-02-11,Not initiated
94,Nuclear Expansion,"The next administration should continue to develop new warheads for each branch of the triad (land, sea, and air defenses).",U.S. Department of Energy,Nuclear Expansion,Initiated/Attempted,"The Iron Dome for America (January 27, 2025);
Secretary Wright Acts to Remove Red Tape, Accelerate Mission Execution at America’s National Weapons and Science Labs (March 27, 2025);
FY2027 Proposed Budget - Budget increases funding for DOW’s nuclear enterprise.",https://progressivereform.org/tracking-trump-2/project-2025-executive-action-tracker/,399,2026-02-11,In progress
95,Nuclear Expansion,The next aministration should maintain two production sites for plutonium pits (a key element of warhead production) at Los Alamos and Savannah River.,U.S. Department of Energy,Nuclear Expansion,Initiated/Attempted,"Trump Wants to Double Production of New Nuclear Weapon Cores (404 Media, April 22, 2026).",https://progressivereform.org/tracking-trump-2/project-2025-executive-action-tracker/,399,2026-02-11,In progress
96,Nuclear Programming and Policy,The next administration should reject ratification of the Comprehensive Test Ban Treaty and indicate a willingness to conduct nuclear tests in response to adversary nuclear developments if necessary.,U.S. Department of Energy,Nuclear Programming and Policy,Not Initiated,,https://progressivereform.org/tracking-trump-2/project-2025-executive-action-tracker/,399,2026-02-11,Not initiated
97,Bureaucracy/Logistics,"Return the environmental justice function to the AO, eliminating the stand-alone Office of Environmental Justice and External Civil Rights",U.S. Environmental Protection Agency,Bureaucracy/Logistics,Completed,"Internal EPA memo (March 11, 2025) (according to press reports)",https://progressivereform.org/tracking-trump-2/project-2025-executive-action-tracker/,421,2026-02-11,Completed
98,Bureaucracy/Logistics,"Returning the enforcement and compliance function to the media offices (air, water, land, and emergency management, etc.) and eliminating the stand-alone Office of Enforcement and Compliance Assistance,",U.S. Environmental Protection Agency,Bureaucracy/Logistics,Not Initiated,,https://progressivereform.org/tracking-trump-2/project-2025-executive-action-tracker/,421,2026-02-11,Not initiated
99,Bureaucracy/Logistics,Develop a plan for relocating regional offices so that they are more accessible to the areas they serve and deliver cost savings to the American people.,U.S. Environmental Protection Agency,Bureaucracy/Logistics,Not Initiated,,https://progressivereform.org/tracking-trump-2/project-2025-executive-action-tracker/,421,2026-02-11,Not initiated
100,Bureaucracy/Logistics,Restructure the Office of International and Tribal Affairs into the American Indian Environmental Office and returning the international liaison function to media offices where appropriate,U.S. Environmental Protection Agency,Bureaucracy/Logistics,Not Initiated,,https://progressivereform.org/tracking-trump-2/project-2025-executive-action-tracker/,421,2026-02-11,Not initiated
101,Bureaucracy/Logistics,Eliminate the Office of Public Engagement and Environmental Education as a stand-alone entity and reabsorbing substantive elements into the Office of Public Affairs,U.S. Environmental Protection Agency,Bureaucracy/Logistics,Not Initiated,,https://progressivereform.org/tracking-trump-2/project-2025-executive-action-tracker/,421,2026-02-11,Not initiated
102,Bureaucracy/Logistics,Relocate the Office of Children’s Health Protection and the Office of Small and Disadvantaged Business Utilization from the AO and reabsorb those functions within the media offices,U.S. Environmental Protection Agency,Bureaucracy/Logistics,Not Initiated,,https://progressivereform.org/tracking-trump-2/project-2025-executive-action-tracker/,421,2026-02-11,Not initiated
103,Environment,"A Day One executive order should be drafted for the incoming President with explicit language requiring reconsideration of the EPA's structure with reference to fulfilling its mission to create a better environmental tomorrow with clean air, safe water, healthy soil, and thriving communities",U.S. Environmental Protection Agency,Environment,Not Initiated,,https://progressivereform.org/tracking-trump-2/project-2025-executive-action-tracker/,422,2026-02-11,Not initiated
104,Environment,Stop all grants to advocacy groups and review which potential federal investments will lead to tangible environmental improvements.,U.S. Environmental Protection Agency,Environment,Completed,"Executive Order 14154 (January 20, 2025)",https://progressivereform.org/tracking-trump-2/project-2025-executive-action-tracker/,422,2026-02-11,Completed
105,Environment,"Reassess any “sue and settle” cases and develop a new policy to establish standard review and oversight, including public notification and participation.",U.S. Environmental Protection Agency,Environment,Not Initiated,,https://progressivereform.org/tracking-trump-2/project-2025-executive-action-tracker/,422,2026-02-11,Not initiated
106,Bureaucracy/Logistics,Determine the opportunity to downsize by terminating the newest hires in low-value programs and identify relocation opportunities for Senior Executive Service (SES) positions.,U.S. Environmental Protection Agency,Bureaucracy/Logistics,Initiated/Attempted,"Press reports that early 400 probationary employees fired (February 14, 2025);
OPM Memorandum (February 25, 2025)",https://progressivereform.org/tracking-trump-2/project-2025-executive-action-tracker/,422,2026-02-11,In progress
107,Environment,Revise guidance documents that control regulations such as the social cost of carbon; discount rates; timing of regulatory review (before options are selected); causality of health effects; low-dose risk estimation (linear no-threshold analysis); and employment loss analysis.,U.S. Environmental Protection Agency,Environment,Completed,"Executive Order 14154 (January 20, 2025)",https://progressivereform.org/tracking-trump-2/project-2025-executive-action-tracker/,422,2026-02-11,Completed
108,Environment,"To the extent that the Inflation Reduction Act (IRA) remains in place, ensure to the maximum extent possible that grants and funding are provided to state regulatory entities and not to nonprofits",U.S. Environmental Protection Agency,Environment,Completed,"Many of the IRA grant programs were rescinded on July 4, 2025, through enactment of H.R. 1,  the One Big Beautiful Act",https://progressivereform.org/tracking-trump-2/project-2025-executive-action-tracker/,424,2026-02-11,Completed
109,Environment,"Remove any regulations or requirements that confer on third parties any authorities that have been provided to EPA, such as the oil and gas supplemental, which created a Super-Emitter Response Program that allows third parties to act as EPA enforcers.",U.S. Environmental Protection Agency,Environment,Proposed,"Interim Final Rule, ""Extension of Deadlines in Standards of Performance for New, Reconstructed, and Modified Sources and Emissions Guidelines for Existing Sources: Oil and Natural Gas Sector Climate Review Final Rule"" (July 31, 2025) [temporarily delays implemetnation of super-emitter program]",https://progressivereform.org/tracking-trump-2/project-2025-executive-action-tracker/,424,2026-02-11,In progress
110,Environment,Regional haze rules should be revised to prevent subsequent “planning periods” from being abused to compel the shutdown of disfavored facilities.,U.S. Environmental Protection Agency,Environment,Proposed,"Advanced Noticed of Proposed Rulemaking, ""Visibility Protection: Regional Haze State Plan Requirements Rule Revision"" (announced September 29, 2025)",https://progressivereform.org/tracking-trump-2/project-2025-executive-action-tracker/,424,2026-02-11,In progress
111,Environment,"Under the Good Neighbor Program/Interstate pollutant transport program, review Biden-era regulations to ensure that they do not ""overcontrol” upwind states in violation of the statute as construed by the U.S. Supreme Court. Reverse the program’s 2022 expansion beyond power plants.",U.S. Environmental Protection Agency,Environment,Proposed,"""Trump EPA Announces Plan to Work with States on SIPs to Improve Air Quality and Reconsider 'Good Neighbor Plan'"" Press Release (March 13, 2025)",https://progressivereform.org/tracking-trump-2/project-2025-executive-action-tracker/,424,2026-02-11,In progress
112,Environment,Limit EPA’s reliance on CAA § 30121 general rulemaking authority to ensure that it is not abused to issue regulations for which EPA lacks substantive authority elsewhere in the statute.,U.S. Environmental Protection Agency,Environment,Not Initiated,,https://progressivereform.org/tracking-trump-2/project-2025-executive-action-tracker/,425,2026-02-11,Not initiated
113,Environment,"If possible, return the standard-setting role to Congress",U.S. Environmental Protection Agency,Environment,Not Initiated,,https://progressivereform.org/tracking-trump-2/project-2025-executive-action-tracker/,425,2026-02-11,Not initiated
114,Climate Change,Remove the Greenhouse Gas Reporting Program (GHGRP) for any source category that is not currently being regulated.,U.S. Environmental Protection Agency,Climate Change,Initiated/Attempted,"""Trump EPA Announces Reconsideration of Burdensome Greenhouse Gas Reporting Program"" Press Release (March 12, 2025)",https://progressivereform.org/tracking-trump-2/project-2025-executive-action-tracker/,425,2026-02-11,In progress
115,Climate Change,"Establish a system, with an appropriate deadline, to update the 2009 endangerment finding",U.S. Environmental Protection Agency,Climate Change,Completed,"Executive Order 14154 (January 20, 2025)",https://progressivereform.org/tracking-trump-2/project-2025-executive-action-tracker/,425,2026-02-11,Completed
116,Climate Change,Establish a significant emissions rate (SER) for greenhouse gasses (GHGs).,U.S. Environmental Protection Agency,Climate Change,Initiated/Attempted,"Repeal of Greenhouse Gas Emissions Standards for Fossil Fuel-Fired Electric Generating Units (Proposed June 17, 2025)",https://progressivereform.org/tracking-trump-2/project-2025-executive-action-tracker/,425,2026-02-11,In progress
117,Hydroflurocarbons,"Repeal Biden Administration implemented regulations for the AIM Act
that are unnecessarily stringent and costly",U.S. Environmental Protection Agency,Hydroflurocarbons,Proposed,"Proposed Rule, Phasedown of Hydrofluorocarbons: Reconsideration of Certain Regulatory Requirements Promulgated Under the Technology Transitions Provisions of the American Innovation and Manufacturing Act of 2020 (announced September 3, 2025) [note the proposal would weaken but not repeal the Biden regulations]",https://progressivereform.org/tracking-trump-2/project-2025-executive-action-tracker/,425,2026-02-11,In progress
118,Transportation,Stop the use of the International Civil Aviation Organization (ICAO) to increase standards on airplanes.,U.S. Environmental Protection Agency,Transportation,Initiated/Attempted,"United States Objects to “Sustainable” Aviation Fuels Recommendation at International Civil Aviation Organization Meeting (March 3, 2025)",https://progressivereform.org/tracking-trump-2/project-2025-executive-action-tracker/,426,2026-02-11,In progress
119,Transportation,Reconsider the Cleaner Trucks Initiative to balance the goal of driving down emissions without creating significant costs or complex burdens on the industry.,U.S. Environmental Protection Agency,Transportation,Not Initiated,,https://progressivereform.org/tracking-trump-2/project-2025-executive-action-tracker/,426,2026-02-11,Not initiated
120,Permitting Reforms,"Restore the Trump EPA position on Once-In, Always-In (that major sources can convert to area sources when affiliated emissions standards are met",U.S. Environmental Protection Agency,Permitting Reforms,Completed,"Biden-era rule repealed through the Congressional Review Act, which restored the Trump-era rule (Trump signed the resolution into law on June 20, 2025)",https://progressivereform.org/tracking-trump-2/project-2025-executive-action-tracker/,426,2026-02-11,Completed
121,Environment,"Revise general implementing regulations for existing source regulatory authority under CAA § 111(d) to ensure that EPA gives full meaning to Congress’s direction, including source-specific application, and that the state planning program is flexible, federalist, and deferential to the states",U.S. Environmental Protection Agency,Environment,Not Initiated,,https://progressivereform.org/tracking-trump-2/project-2025-executive-action-tracker/,427,2026-02-11,Not initiated
122,Personnel Organizational Agenda,"Place a political appointee in Ann Arbor, Michigan, for the Office of Transportation and Air Quality (OTAQ, regulating mobile sources) and a political appointee in Research Triangle Park, North Carolina, for the Office of Air Quality Planning and Standards, and establish a political Chief of Staff in DC to manage the air office",U.S. Environmental Protection Agency,Personnel Organizational Agenda,Not Initiated,,https://progressivereform.org/tracking-trump-2/project-2025-executive-action-tracker/,428,2026-02-11,Not initiated
123,Personnel Organizational Agenda,Pull the Renewable Fuel Standard (RFS) program out of OTAQ; establish its own suboffice in D.C  and establish a Memorandum of Understanding with the Department of Agriculture and the Department of Energy to work together to establish RFS programs.,U.S. Environmental Protection Agency,Personnel Organizational Agenda,Not Initiated,,https://progressivereform.org/tracking-trump-2/project-2025-executive-action-tracker/,428,2026-02-11,Not initiated
124,Personnel Organizational Agenda,Require regional air offices to receive approval from OAR before moving forward with enforcement actions,U.S. Environmental Protection Agency,Personnel Organizational Agenda,Not Initiated,,https://progressivereform.org/tracking-trump-2/project-2025-executive-action-tracker/,428,2026-02-11,Not initiated
125,Water,"The August 6, 2019, “Office of Water Policy for Draft Documents” memorandum should be strictly enforced to ensure transparency as well as good governance by not letting guidance linger in draft form and by also ensuring that guidance documents are clearly just that: guidance",U.S. Environmental Protection Agency,Water,Not Initiated,,https://progressivereform.org/tracking-trump-2/project-2025-executive-action-tracker/,428,2026-02-11,Not initiated
126,Water,"A rule that provides clarity and regulatory certainty regarding the CWA Section 401 water quality certification process to limit unnecessary delay for needed projects, including by establishing a discharge-only approach with a limited scope  -- assessing only water quality factors that are consistent with specific CWA sections, and  excluding speculative analysis regarding future potential harm.",U.S. Environmental Protection Agency,Water,Initiated/Attempted,"Memo on ""Clarification regarding the Application of Clean Water Act Section 401 Certification"" (May 21, 2025)",https://progressivereform.org/tracking-trump-2/project-2025-executive-action-tracker/,429,2026-02-11,In progress
127,Water,Reform rules to: ensure that CWA Section 30831 has a clear and enforced time limit; to clarify the standard for criminal negligence under CWA Sections 402 and 404; to prohibit retroactive or preemptive permits under CWA Section 404; to promote and shape nutrient trading that utilizes a carrot-versus-stick approach when dealing with nutrient compliance; to update compensatory mitigation that imposes no new or additional requirements beyond current law.,U.S. Environmental Protection Agency,Water,Not Initiated,,https://progressivereform.org/tracking-trump-2/project-2025-executive-action-tracker/,429,2026-02-11,Not initiated
128,Water,Create a rule on updates necessary for the effective use of the CWA needs survey,U.S. Environmental Protection Agency,Water,Not Initiated,,https://progressivereform.org/tracking-trump-2/project-2025-executive-action-tracker/,429,2026-02-11,Not initiated
129,Water,Sign an executive order requiring EPA to find avenues and expedite the process for states obtaining primacy in available CWA and SDWA programs. This order would require coordination with the Army Corps of Engineers and the Department of the Interior.,U.S. Environmental Protection Agency,Water,Not Initiated,,https://progressivereform.org/tracking-trump-2/project-2025-executive-action-tracker/,430,2026-02-11,Not initiated
130,Land,The Office of Land and Emergency Management (OLEM) should adopt EPA’s Lean Management System (ELMS) across all OLEM programs.,U.S. Environmental Protection Agency,Land,Not Initiated,,https://progressivereform.org/tracking-trump-2/project-2025-executive-action-tracker/,431,2026-02-11,Not initiated
131,Environment,Revise the National Oil and Hazardous Substances Pollution Contingency Plan (NCP) to modernize and streamline the cleanup process using lessons learned from the execution of the NCP over the past 40-plus years.,U.S. Environmental Protection Agency,Environment,Not Initiated,,https://progressivereform.org/tracking-trump-2/project-2025-executive-action-tracker/,431,2026-02-11,Not initiated
132,Environment,"Expand and fully stand up the Office of Mountains, Deserts and Plains to support innovative approaches to the cleaning up of abandoned mines.",U.S. Environmental Protection Agency,Environment,Not Initiated,,https://progressivereform.org/tracking-trump-2/project-2025-executive-action-tracker/,431,2026-02-11,Not initiated
133,Environment,Promulgate a rule that provides an alternative pathway to hazardous waste regulation to allow the transport of material to legitimate recyclers or back to manufacturers to support the recycling and reuse of material.,U.S. Environmental Protection Agency,Environment,Not Initiated,,https://progressivereform.org/tracking-trump-2/project-2025-executive-action-tracker/,432,2026-02-11,Not initiated
134,Environment,Reassign regulation and enforcement of air emission standards under the authority of RCRA Section 3004 to OAR and revise and modernize the regulations to comport and integrate with CAA rules.,U.S. Environmental Protection Agency,Environment,Not Initiated,,https://progressivereform.org/tracking-trump-2/project-2025-executive-action-tracker/,432,2026-02-11,Not initiated
135,Personnel Organizational Agenda,"Eliminate or consolidate the regional laboratories and allow OLEM to use EPA, other government, or private labs based on expertise and cost.",U.S. Environmental Protection Agency,Personnel Organizational Agenda,Not Initiated,,https://progressivereform.org/tracking-trump-2/project-2025-executive-action-tracker/,432,2026-02-11,Not initiated
136,Personnel Organizational Agenda,Eliminate the Office of Emergency Management and reassign its functions,U.S. Environmental Protection Agency,Personnel Organizational Agenda,Completed,"Appears to have been completed. According to the OLEM website, it appeas that OEM Has been combined with the former Office of Superfund Remediation and Technology Innovation to create a new Office of Superfund and Emergency Management",https://progressivereform.org/tracking-trump-2/project-2025-executive-action-tracker/,433,2026-02-11,Completed
137,Chemicals and Pollution,Transition the Safer Choice program to the private sector.,U.S. Environmental Protection Agency,Chemicals and Pollution,Initiated/Attempted,"Press reports that the Safer Choice program has been significantly weakened and politicized through agency restructuring (June 5, 2025)",https://progressivereform.org/tracking-trump-2/project-2025-executive-action-tracker/,434,2026-02-11,In progress
138,Chemicals and Pollution,ESA reform for pesticides is necessary to consider their beneficial effects,U.S. Environmental Protection Agency,Chemicals and Pollution,Completed,"Strategy to Protect Endangered Species from Insecticides (April 29, 2005)",https://progressivereform.org/tracking-trump-2/project-2025-executive-action-tracker/,435,2026-02-11,Completed
139,Regulations,"The new President’s Inauguration Day regulatory review/freeze directives should avoid exceptions for EPA actions. This freeze should explicitly include quasi-regulatory actions, including assessments, determinations, standards, and guidance, that have failed to go through the notice-andcomment process and may date back years.",U.S. Environmental Protection Agency,Regulations,Completed,"Memorandum on Regulaotry Freeze Pending Review (January 20, 2025)",https://progressivereform.org/tracking-trump-2/project-2025-executive-action-tracker/,436,2026-02-11,Completed
140,"Pause for review all contracts above $100,000 with a heavy focus on major external peer reviews and regulatory models","Pause for review all contracts above $100,000 with a heavy focus on major external peer reviews and regulatory models.",U.S. Environmental Protection Agency,,Initiated/Attempted,"Internal documents staff requiring approval by DOGE of all grants valued at $50,000 or greater",https://progressivereform.org/tracking-trump-2/project-2025-executive-action-tracker/,436,2026-02-11,In progress
141,Regulations,"Eliminate the use of unauthorized regulatory inputs like the social cost of carbon, black box and proprietary models, and unrealistic climate scenarios, including those based on Representative Concentration Pathway (RCP) 8.5",U.S. Environmental Protection Agency,Regulations,Completed,"Executive Order 14154 (January 20, 2025);
M-25-27: Memorandum for Regulatory Policy Officers Prohibiting the Use of the Social Cost of Carbon (May 5, 2025)",https://progressivereform.org/tracking-trump-2/project-2025-executive-action-tracker/,436,2026-02-11,Completed
142,Regulations,"Suspend and review the activities of EPA advisory bodies, many of which have not been authorized by Congress or lack independence, balance, and geographic and viewpoint diversity",U.S. Environmental Protection Agency,Regulations,Completed,Dismissal of all members of the Clean Air Scientific Advisory Committee and the Science Advisory Board (announced January 28),https://progressivereform.org/tracking-trump-2/project-2025-executive-action-tracker/,437,2026-02-11,Completed
143,Personnel Organizational Agenda,"The EPA should shift responsibility for evaluating misconduct away from its Office of Scientific Integrity, which has been overseen by environmental activists, and toward an independent body",U.S. Environmental Protection Agency,Personnel Organizational Agenda,Proposed,"Executive Order on Restoring Gold Standard Science (May 23, 2025)",https://progressivereform.org/tracking-trump-2/project-2025-executive-action-tracker/,438,2026-02-11,In progress
144,Budget Organizational Agenda,"EPA should institute a pause and review for all grants over a certain threshold, and cap the number and dollar amounts of grants that the Office of Research and Development can award and require that they be reviewed by the Administrator’s office.",U.S. Environmental Protection Agency,Budget Organizational Agenda,Initiated/Attempted,"Press Reports That ""EPA orders staff to begin canceling research grants"" (April 21, 2025)",https://progressivereform.org/tracking-trump-2/project-2025-executive-action-tracker/,444,2026-02-11,In progress
145,LGBTQ+ Equity,"Repeal and replace policies focusing on LGBTQ+ equity, subsidizing single-motherhood, disincentivizing work, and penalizing marriage",U.S. Department of Health and Human Services,LGBTQ+ Equity,Completed,90 FR 10025 removes gender references in Social Security data consistent with EO 14168,https://progressivereform.org/tracking-trump-2/project-2025-executive-action-tracker/,451,2026-02-11,Completed
146,Metrics/Data Systems,HHS should enter into a public–private partnership with a data-management expert to develop a system that makes critical information available to health care workers and policymakers in real time,U.S. Department of Health and Human Services,Metrics/Data Systems,Not Initiated,,https://progressivereform.org/tracking-trump-2/project-2025-executive-action-tracker/,454,2026-02-11,Not initiated
147,CDC Reform,"The CDC's vaccine safety programs, including the Vaccine Adverse Event Reporting System (VAERS), Vaccine Safety Datalink (VSD), and Clinical Immunization Safety Assessment (CISA) Project, should be transferred to the Food and Drug Administration",U.S. Department of Health and Human Services,CDC Reform,Not Initiated,,https://progressivereform.org/tracking-trump-2/project-2025-executive-action-tracker/,454,2026-02-11,Not initiated
148,Abortion/Reproductive Health,"The CDC should eliminate programs and projects that do not respect human life and conscience rights and that undermine family formation, which includes not supporting abortion as healthcare",U.S. Department of Health and Human Services,Abortion/Reproductive Health,Not Initiated,,https://progressivereform.org/tracking-trump-2/project-2025-executive-action-tracker/,455,2026-02-11,Not initiated
149,Abortion/Reproductive Health,"The CDC should fund studies into the risks and complications of abortion, ensuring that it does not promote misinformation regarding the comparative health and psychological benefits of childbirth versus the health and psychological risks of intentionally taking a human life through abortion",U.S. Department of Health and Human Services,Abortion/Reproductive Health,Not Initiated,,https://progressivereform.org/tracking-trump-2/project-2025-executive-action-tracker/,455,2026-02-11,Not initiated
150,Abortion/Reproductive Health,Update the CDC's public messaging about modern fertility awareness–based methods (FABMs) of family planning and stop publishing communications that relate such methods with “rhythm” or “calendar” methods,U.S. Department of Health and Human Services,Abortion/Reproductive Health,Not Initiated,,https://progressivereform.org/tracking-trump-2/project-2025-executive-action-tracker/,455,2026-02-11,Not initiated
151,Abortion/Reproductive Health,The CDC should fund studies exploring the evidence-based methods used in cutting-edge fertility awareness,U.S. Department of Health and Human Services,Abortion/Reproductive Health,Not Initiated,,https://progressivereform.org/tracking-trump-2/project-2025-executive-action-tracker/,455,2026-02-11,Not initiated
152,Abortion/Reproductive Health,"HHS should ensure that every state reports how many abortions take place within its borders, at what gestational age of the child, for what reason, the mother’s state of residence, and by what method. Statistics should be separated into the following categories: spontaneous miscarriage; treatments that incidentally result in the death of a child (such as chemotherapy); stillbirths; and induced abortion",U.S. Department of Health and Human Services,Abortion/Reproductive Health,Not Initiated,,https://progressivereform.org/tracking-trump-2/project-2025-executive-action-tracker/,455,2026-02-11,Not initiated
153,Abortion/Reproductive Health,The CDC should require monitoring and reporting for complications due to abortion and every instance of children being born alive after an abortion,U.S. Department of Health and Human Services,Abortion/Reproductive Health,Not Initiated,,https://progressivereform.org/tracking-trump-2/project-2025-executive-action-tracker/,455,2026-02-11,Not initiated
154,Abortion/Reproductive Health,"Track comparisons between live births and abortion across various demographic indicators to assess whether certain populations are targeted by abortion providers and whether better prenatal physical, mental, and social care improves infant outcomes and decreases abortion rates",U.S. Department of Health and Human Services,Abortion/Reproductive Health,Not Initiated,,https://progressivereform.org/tracking-trump-2/project-2025-executive-action-tracker/,455,2026-02-11,Not initiated
155,LGBTQ+ Equity,The CDC should immediately end its collection of data on gender identity,U.S. Department of Health and Human Services,LGBTQ+ Equity,Completed,EO 14168,https://progressivereform.org/tracking-trump-2/project-2025-executive-action-tracker/,456,2026-02-11,Completed
156,Pharmaceutical Regulation,"Revise applicable statutes and regulations to facilitate greater access to modified ""laboratory-developed tests""",U.S. Department of Health and Human Services,Pharmaceutical Regulation,Not Initiated,,https://progressivereform.org/tracking-trump-2/project-2025-executive-action-tracker/,457,2026-02-11,Not initiated
157,Pharmaceutical Regulation,The FDA should expand its current pass/fail approach to drug facility inspections into a graded system,U.S. Department of Health and Human Services,Pharmaceutical Regulation,Not Initiated,,https://progressivereform.org/tracking-trump-2/project-2025-executive-action-tracker/,457,2026-02-11,Not initiated
158,Pharmaceutical Regulation,HHS should exempt multi-source generic drugs from requirements to pay rebates to Medicaid and other federally funded health programs,U.S. Department of Health and Human Services,Pharmaceutical Regulation,Initiated/Attempted,"EO 14148 rescinded Biden EO 14087 (Lowering Prescription Costs), but IRA requires certain subsidies and HHS has not taken action",https://progressivereform.org/tracking-trump-2/project-2025-executive-action-tracker/,457,2026-02-11,In progress
159,Abortion/Reproductive Health,The FDA should reverse its approval of chemical abortion drugs,U.S. Department of Health and Human Services,Abortion/Reproductive Health,Not Initiated,,https://progressivereform.org/tracking-trump-2/project-2025-executive-action-tracker/,458,2026-02-11,Not initiated
160,Abortion/Reproductive Health,The FDA should immediately restore the Risk Evaluation and Mitigation Strategy (REMS) by removing the in-person dispensing requirement to eliminate dangerous tele-abortion and abortion-by-mail distribution,U.S. Department of Health and Human Services,Abortion/Reproductive Health,Initiated/Attempted,"2021 REMS are still in effect, though FDA has posted a ""warning"" against patients buying mifepristone online outside of the REMS program",https://progressivereform.org/tracking-trump-2/project-2025-executive-action-tracker/,458,2026-02-11,In progress
161,Abortion/Reproductive Health,"The FDA should reinstate earlier safety protocols for Mifeprex that were mostly
eliminated in 2016 and apply these protocols to any generic version
of mifepristone",U.S. Department of Health and Human Services,Abortion/Reproductive Health,Not Initiated,,https://progressivereform.org/tracking-trump-2/project-2025-executive-action-tracker/,459,2026-02-11,Not initiated
162,Abortion/Reproductive Health,The FDA should address weaknesses in the current FAERS (FDA Adverse Events Reporting System) by reporting abortion pill complications,U.S. Department of Health and Human Services,Abortion/Reproductive Health,Not Initiated,,https://progressivereform.org/tracking-trump-2/project-2025-executive-action-tracker/,459,2026-02-11,Not initiated
163,Abortion/Reproductive Health,"The FDA should implement a policy of transparency about inspections of the abortion pill’s sponsors, Danco and GenBioPro, as well as facilities that manufacture the pills",U.S. Department of Health and Human Services,Abortion/Reproductive Health,Not Initiated,,https://progressivereform.org/tracking-trump-2/project-2025-executive-action-tracker/,459,2026-02-11,Not initiated
164,Abortion/Reproductive Health,The FDA should stop promoting or approving mail-order abortions in violation of long-standing federal laws that prohibit the mailing and interstate carriage of abortion drugs,U.S. Department of Health and Human Services,Abortion/Reproductive Health,Not Initiated,,https://progressivereform.org/tracking-trump-2/project-2025-executive-action-tracker/,459,2026-02-11,Not initiated
165,Pharmaceutical Regulation,The FDA should restore the waiver allowing bulk importation by doctors of certain Japanese-made vaccines to comply with the Religious Freedom Restoration Act,U.S. Department of Health and Human Services,Pharmaceutical Regulation,Not Initiated,,https://progressivereform.org/tracking-trump-2/project-2025-executive-action-tracker/,460,2026-02-11,Not initiated
166,Abortion/Reproductive Health,The FDA and NIH should require the development of drugs and biologics that switch to cell lines not derived from aborted fetal cell lines or aborted baby body parts,U.S. Department of Health and Human Services,Abortion/Reproductive Health,Completed,"NIH announced it will no longer fund research using ""human fetal tissue"" (1/22/26)",https://progressivereform.org/tracking-trump-2/project-2025-executive-action-tracker/,460,2026-02-11,Completed
167,Pharmaceutical Regulation,The FDA or Congress should regulate where and how paid advertising is used by pharmaceutical companies more stringently,U.S. Department of Health and Human Services,Pharmaceutical Regulation,Completed,"FDA has launched ""crackdown"" on direct-to-consumer ads, issuing 100 cease and desist letters to companies with deceptive ads",https://progressivereform.org/tracking-trump-2/project-2025-executive-action-tracker/,460,2026-02-11,Completed
168,Abortion/Reproductive Health,"HHS should promptly restore the ethics advisory committee to oversee abortionderived fetal tissue research, and Congress should prohibit such research altogether",U.S. Department of Health and Human Services,Abortion/Reproductive Health,Not Initiated,,https://progressivereform.org/tracking-trump-2/project-2025-executive-action-tracker/,461,2026-02-11,Not initiated
169,Abortion/Reproductive Health,"HHS should end intramural research projects using tissue from aborted children within the NIH, which should end its human embryonic stem
cell registry",U.S. Department of Health and Human Services,Abortion/Reproductive Health,Completed,"NIH announced it will no longer fund research using ""human fetal tissue"" (1/22/26)",https://progressivereform.org/tracking-trump-2/project-2025-executive-action-tracker/,461,2026-02-11,Completed
170,Abortion/Reproductive Health,"HHS should implement a plan to pursue and fund ethical alternative methods of research in order to ensure that abortion and embryodestructive related research, cell lines, and other testing methods become both fully obsolete and ethically unthinkable",U.S. Department of Health and Human Services,Abortion/Reproductive Health,Proposed,see above at row 27,https://progressivereform.org/tracking-trump-2/project-2025-executive-action-tracker/,461,2026-02-11,In progress
171,Abortion/Reproductive Health,"The Administration should reconvene a new National Council on Bioethics (NCB) to discuss new and emerging areas of ethical concern, to assess whether the ends justify the means when it comes to the promise of therapies and cures, and to establish what limiting principles should guide research and health policy",U.S. Department of Health and Human Services,Abortion/Reproductive Health,Not Initiated,,https://progressivereform.org/tracking-trump-2/project-2025-executive-action-tracker/,461,2026-02-11,Not initiated
172,Abortion/Reproductive Health,"HHS should create and promote a research agenda that supports prolife policies and explores the harms, both mental and physical, that abortion has wrought on women and girls",U.S. Department of Health and Human Services,Abortion/Reproductive Health,Not Initiated,,https://progressivereform.org/tracking-trump-2/project-2025-executive-action-tracker/,461,2026-02-11,Not initiated
173,LGBTQ+ Equity,"The NIH should fund studies into the short-term and long-term negative effects of crosssex interventions, including “affirmation,” puberty blockers, cross-sex hormones and surgeries, and the likelihood of desistence if young people are given counseling that does not include medical or social interventions",U.S. Department of Health and Human Services,LGBTQ+ Equity,Proposed,"EO 14187 directs HHS to publish a review of existing data on gender-affirming care for children and ""increase the quality of data to guide practices for improving the health of minors with gender dysphoria...""",https://progressivereform.org/tracking-trump-2/project-2025-executive-action-tracker/,462,2026-02-11,In progress
174,Medicare,"Increase Medicare beneficiaries’ control of their health care through increased choice of doctors, hospitals, and insurance plans as well as access to
reliable information with respect to physicians, hospitals, and insurers",U.S. Department of Health and Human Services,Medicare,Initiated/Attempted,"Medicare/Medicaid program proposed rule makes changes to payment factors and star quality ratings (90 FR 33476, July 17, 2025)",https://progressivereform.org/tracking-trump-2/project-2025-executive-action-tracker/,462,2026-02-11,In progress
175,Medicare,Ensure sustainability and value for beneficiaries and taxpayers by using market-based methods to determine reimbursement,U.S. Department of Health and Human Services,Medicare,Initiated/Attempted,"Medicare/Medicaid program proposed rule makes changes to payment factors and star quality ratings (90 FR 33476, July 17, 2025)",https://progressivereform.org/tracking-trump-2/project-2025-executive-action-tracker/,462,2026-02-11,In progress
176,Medicare,"Reduce waste, fraud, and abuse, including through the use of artificial intelligence",U.S. Department of Health and Human Services,Medicare,Proposed,"EO 14179 directs agencies to come up with policies to use AI systems ""free from ideological bias or engineered social agendas"", but 89 FR 99340 (which is a proposed rule that would set guardrails around the use of AI in the Medicare program has not been withdrawn)",https://progressivereform.org/tracking-trump-2/project-2025-executive-action-tracker/,462,2026-02-11,In progress
177,Medicare,"The next Administration should reintroduce and restore regulations and demonstrations including the Medicare Coverage of Innovative Technologies (MCIT) rule, the Risk Adjustment Data Validation (RADV) rule, the Medicare Advantage Qualifying Payment Arrangement Incentive (MAQI) demonstration, and the Global and Professional Direct Contracting (GPDC, rebranded as the Accountable Care Organization Realizing Equity, Access, and Community Health or ACO REACH) model",U.S. Department of Health and Human Services,Medicare,Completed,"The ACO REACH model has been used since 2023, and, starting in 2026 will operate with an adjusted financial methodology.",https://progressivereform.org/tracking-trump-2/project-2025-executive-action-tracker/,463,2026-02-11,Completed
178,Medicare,Advance site neutrality by eliminating the inpatient-only list and expanding the ambulatory surgical center covered procedures list,U.S. Department of Health and Human Services,Medicare,Initiated/Attempted,"Medicare/Medicaid proposed rule would expand site-neutral policies, phasing out inpatient-only list (90 FR 33476, July 17, 2025)",https://progressivereform.org/tracking-trump-2/project-2025-executive-action-tracker/,464,2026-02-11,In progress
179,Medicare,CMS should expand the application of site-neutral payment options to more settings,U.S. Department of Health and Human Services,Medicare,Initiated/Attempted,"Medicare/Medicaid proposed rule would expand site-neutral policies, phasing out inpatient-only list (90 FR 33476, July 17, 2025)",https://progressivereform.org/tracking-trump-2/project-2025-executive-action-tracker/,464,2026-02-11,In progress
180,Medicaid,"CMS should direct dollars to beneficiaries more effectively and responsibly by (1) ending state financing loopholes, (2) reforming payments to hospitals for uncompensated care, (3) replacing the enhanced match rate with a fairer and more rational match rate, and (4) restructuring basic financing and putting the program on a more fiscally predictable budget",U.S. Department of Health and Human Services,Medicaid,Completed,"April 10, 2025 State Medicaid Director letter",https://progressivereform.org/tracking-trump-2/project-2025-executive-action-tracker/,467,2026-02-11,Completed
181,Medicaid,"Strengthen program integrity by (1) incentivizing states with an enhanced contingency fee to help decrease waste, fraud, and abuse, (2) improving Medicaid eligibility standards to protect those in need, and (3) conducting oversight and reform of managed care",U.S. Department of Health and Human Services,Medicaid,Proposed,The Latest on What President Trump Is Saying About Medicaid | The Motley Fool,https://progressivereform.org/tracking-trump-2/project-2025-executive-action-tracker/,467,2026-02-11,In progress
182,Medicaid,"CMS should add work requirements and match Medicaid benefits to beneficiary needs, including a robust “personal option” to allow families to use Medicaid dollars to secure coverage outside of the Medicaid program.",U.S. Department of Health and Human Services,Medicaid,Completed,done through legislation,https://progressivereform.org/tracking-trump-2/project-2025-executive-action-tracker/,468,2026-02-11,Completed
183,Medicaid,CMS should clarify that states have the ability to adopt work incentives for ablebodied individuals and the ability to broaden the application of targeted premiums and cost sharing to higher-income enrollees,U.S. Department of Health and Human Services,Medicaid,Completed,done through legislation,https://progressivereform.org/tracking-trump-2/project-2025-executive-action-tracker/,468,2026-02-11,Completed
184,Medicaid,CMS should add targeted time limits or lifetime caps on benefits to disincentivize permanent dependence,U.S. Department of Health and Human Services,Medicaid,Not Initiated,,https://progressivereform.org/tracking-trump-2/project-2025-executive-action-tracker/,468,2026-02-11,Not initiated
185,Medicaid,"CMS should add flexibility to eliminate obsolete mandatory and optional benefit requirements and, for able-bodied recipients, eliminate benefit mandates that exceed those in the private market",U.S. Department of Health and Human Services,Medicaid,Not Initiated,,https://progressivereform.org/tracking-trump-2/project-2025-executive-action-tracker/,468,2026-02-11,Not initiated
186,Medicaid,CMS should allow providers to make payment reforms without cumbersome waivers or state plan amendment processes where possible,U.S. Department of Health and Human Services,Medicaid,Not Initiated,,https://progressivereform.org/tracking-trump-2/project-2025-executive-action-tracker/,468,2026-02-11,Not initiated
187,Affordable Care Act,Remove barriers to direct primary care by clarifying that DPC’s fixed fee for care does not constitute insurance in the context of health savings accounts,U.S. Department of Health and Human Services,Affordable Care Act,Completed,done through legislation,https://progressivereform.org/tracking-trump-2/project-2025-executive-action-tracker/,469,2026-02-11,Completed
188,Affordable Care Act,CMS should facilitate the development of shared savings and reference pricing plan options,U.S. Department of Health and Human Services,Affordable Care Act,Not Initiated,,https://progressivereform.org/tracking-trump-2/project-2025-executive-action-tracker/,469,2026-02-11,Not initiated
189,Affordable Care Act,"CMS should develop a plan to separate the non-subsidized insurance market from the subsidized market, giving the non-subsidized market regulatory relief from the costly ACA regulatory mandates",U.S. Department of Health and Human Services,Affordable Care Act,Not Initiated,,https://progressivereform.org/tracking-trump-2/project-2025-executive-action-tracker/,469,2026-02-11,Not initiated
190,Affordable Care Act,CMS should update rulemaking around hospital price transparency to include quality measures,U.S. Department of Health and Human Services,Affordable Care Act,Completed,EO 14221,https://progressivereform.org/tracking-trump-2/project-2025-executive-action-tracker/,470,2026-02-11,Completed
191,Affordable Care Act,The Center for Consumer Information and Insurance Oversight (CCIIO) should work with the Treasury Department and the Office of Management and Budget (OMB) to give consumers more flexibility with their health care dollars through expanded access to health savings accounts,U.S. Department of Health and Human Services,Affordable Care Act,Completed,done through legislation,https://progressivereform.org/tracking-trump-2/project-2025-executive-action-tracker/,470,2026-02-11,Completed
192,COVID-19/Public Health Emergencies,CMS should revise the Clinical Laboratory Improvement Amendments (CLIA) rules and expand the scope of practice of low-complexity and moderatecomplexity clinical laboratories,U.S. Department of Health and Human Services,COVID-19/Public Health Emergencies,Not Initiated,,https://progressivereform.org/tracking-trump-2/project-2025-executive-action-tracker/,470,2026-02-11,Not initiated
193,COVID-19/Public Health Emergencies,CMS should create CLIA-certification-equivalent pathways for non-clinical laboratories and researchers,U.S. Department of Health and Human Services,COVID-19/Public Health Emergencies,Not Initiated,,https://progressivereform.org/tracking-trump-2/project-2025-executive-action-tracker/,470,2026-02-11,Not initiated
194,Abortion/Reproductive Health,HHS should withdraw its Medicaid guidance (and any Section 1115 waivers issued thereunder) regarding abortion travel funding and DOJ OLC should withdraw and disavow its interpretation of the Hyde Amendment,U.S. Department of Health and Human Services,Abortion/Reproductive Health,Completed,"EO 14182 rescinded Biden EO 14079 (which recognized abortion as healthcare, and served as part of the basis for the 1115 Waiver guidance)",https://progressivereform.org/tracking-trump-2/project-2025-executive-action-tracker/,471,2026-02-11,Completed
195,Abortion/Reproductive Health,Prohibit Planned Parenthood and all other abortion providers from receiving Medicaid funds and redirect funding to health centers that provide real health care for women,U.S. Department of Health and Human Services,Abortion/Reproductive Health,Completed,done through legislation,https://progressivereform.org/tracking-trump-2/project-2025-executive-action-tracker/,471,2026-02-11,Completed
196,Abortion/Reproductive Health,HHS should issue guidance reemphasizing that states are free to defund Planned Parenthood in their state Medicaid plans,U.S. Department of Health and Human Services,Abortion/Reproductive Health,Completed,done through legislation,https://progressivereform.org/tracking-trump-2/project-2025-executive-action-tracker/,472,2026-02-11,Completed
197,Abortion/Reproductive Health,"HHS should propose rulemaking to interpret the Medicaid statute to disqualify
providers of elective abortion from the Medicaid program",U.S. Department of Health and Human Services,Abortion/Reproductive Health,Completed,done through legislation,https://progressivereform.org/tracking-trump-2/project-2025-executive-action-tracker/,472,2026-02-11,Completed
198,Abortion/Reproductive Health,"CMS should resolve pending Section 1115 waivers from Idaho, South Carolina, and Tennessee that seek both to prohibit abortion providers from participating in state-run Medicaid programs and to work with other states to do the same",U.S. Department of Health and Human Services,Abortion/Reproductive Health,Not Initiated,,https://progressivereform.org/tracking-trump-2/project-2025-executive-action-tracker/,472,2026-02-11,Not initiated
199,Abortion/Reproductive Health,"HHS/CMS should withdraw appropriated funding, up to and including 10 percent of Medicaid funds, from states that require abortion insurance coverage",U.S. Department of Health and Human Services,Abortion/Reproductive Health,Not Initiated,,https://progressivereform.org/tracking-trump-2/project-2025-executive-action-tracker/,472,2026-02-11,Not initiated
200,Abortion/Reproductive Health,DOJ should commit to litigating the defense of those funding decisions promptly to the Supreme Court in order to maximize HHS’s ability to withdraw funds from entities that violate the Weldon Amendment,U.S. Department of Health and Human Services,Abortion/Reproductive Health,Not Initiated,,https://progressivereform.org/tracking-trump-2/project-2025-executive-action-tracker/,472,2026-02-11,Not initiated
201,Abortion/Reproductive Health,HHS should reinstate the Trump Administration regulation on abortion separate payment and enforce what the plain text of Section 1303 requires,U.S. Department of Health and Human Services,Abortion/Reproductive Health,Initiated/Attempted,CMS released guidance on section 1303 payments,https://progressivereform.org/tracking-trump-2/project-2025-executive-action-tracker/,473,2026-02-11,In progress
202,Abortion/Reproductive Health,CMS should ensure that consumers pay separate charges for abortion coverage,U.S. Department of Health and Human Services,Abortion/Reproductive Health,Not Initiated,,https://progressivereform.org/tracking-trump-2/project-2025-executive-action-tracker/,473,2026-02-11,Not initiated
203,Abortion/Reproductive Health,HHS should undertake a full audit to determine compliance or noncompliance with the Hyde amendment and similar funding restrictions in HHS programs,U.S. Department of Health and Human Services,Abortion/Reproductive Health,Initiated/Attempted,EO 14182,https://progressivereform.org/tracking-trump-2/project-2025-executive-action-tracker/,473,2026-02-11,In progress
204,Abortion/Reproductive Health,HHS should reverse the pro-abortion “interpretations” added to the Emergency Medical Treatment and Active Labor Act,U.S. Department of Health and Human Services,Abortion/Reproductive Health,Completed,CMS rescinded 2022 guidance on EMTALA,https://progressivereform.org/tracking-trump-2/project-2025-executive-action-tracker/,473,2026-02-11,Completed
205,Abortion/Reproductive Health,HHS should end CMS and state agency investigations into cases of alleged refusals to perform abortions,U.S. Department of Health and Human Services,Abortion/Reproductive Health,Not Initiated,,https://progressivereform.org/tracking-trump-2/project-2025-executive-action-tracker/,474,2026-02-11,Not initiated
206,Abortion/Reproductive Health,"DOJ should agree to eliminate existing injunctions against pro-life states, withdraw its enforcement lawsuits, and in lawsuits against CMS on the guidance agree to injunctions against CMS and withdraw appeals of injunctions",U.S. Department of Health and Human Services,Abortion/Reproductive Health,Completed,DOJ drops lawsuit seeking to protect emergency access to abortion in Idaho | Healthcare Dive,https://progressivereform.org/tracking-trump-2/project-2025-executive-action-tracker/,474,2026-02-11,Completed
207,LGBTQ+ Equity,"CMS should repromulgate its 2016 decision that CMS could not issue a
National Coverage Determination (NCD) regarding “gender reassignment
surgery” for Medicare beneficiaries",U.S. Department of Health and Human Services,LGBTQ+ Equity,Completed,"no action, but 2016 decision is in effect",https://progressivereform.org/tracking-trump-2/project-2025-executive-action-tracker/,474,2026-02-11,Completed
208,Abortion/Reproductive Health,"HHS should use EMTALA and Section 504 of the Rehabilitation Act, which prohibits disability discrimination, to investigate instances of infants born alive and left untreated in covered hospitals. CMS, OCR, and OIG should be required to follow through on these investigations with specific enforcement actions",U.S. Department of Health and Human Services,Abortion/Reproductive Health,Not Initiated,,https://progressivereform.org/tracking-trump-2/project-2025-executive-action-tracker/,474,2026-02-11,Not initiated
209,Abortion/Reproductive Health,"HHS should revive a Trump Administration proposed regulation, “Special Responsibilities of Medicare Hospitals in Emergency Cases and Discrimination on the Basis of Disability in Critical Health and Human Service Programs or Activities”",U.S. Department of Health and Human Services,Abortion/Reproductive Health,Not Initiated,,https://progressivereform.org/tracking-trump-2/project-2025-executive-action-tracker/,474,2026-02-11,Not initiated
210,LGBTQ+ Equity,"The redefinition of sex to cover gender identity and sexual orientation and
pregnancy to cover abortion should be reversed in all HHS and CMS programs",U.S. Department of Health and Human Services,LGBTQ+ Equity,Completed,"HHS rescinded 2022 Guidance on Gender Affirming Care, Civil Rights and Patient Privacy",https://progressivereform.org/tracking-trump-2/project-2025-executive-action-tracker/,475,2026-02-11,Completed
211,COVID-19/Public Health Emergencies,CMS should pay damages to all medical professionals who were dismissed directly because of the CMS vaccine mandate,U.S. Department of Health and Human Services,COVID-19/Public Health Emergencies,Not Initiated,,https://progressivereform.org/tracking-trump-2/project-2025-executive-action-tracker/,476,2026-02-11,Not initiated
212,Children and Families,"Apply the Trump Administration's Supplemental Nutrition Assistance Program (SNAP) rule that “increase[s] program integrity and reduce fraud, waste, and abuse” to the Temporary Assistance for Needy Families (TANF) program",U.S. Department of Health and Human Services,Children and Families,Not Initiated,,https://progressivereform.org/tracking-trump-2/project-2025-executive-action-tracker/,476,2026-02-11,Not initiated
213,Children and Families,"HHS should clarify how states, in their quarterly and annual reports, ought to track and audit the outcomes from how they spend TANF funds to meet the TANF program’s four statutory purposes.",U.S. Department of Health and Human Services,Children and Families,Not Initiated,,https://progressivereform.org/tracking-trump-2/project-2025-executive-action-tracker/,476,2026-02-11,Not initiated
214,Health Education,"Employ provisions so that these TPP and PREP programs do not serve as advocacy tools to promote sex, promote prostitution, or provide a
funnel effect for abortion facilities and school field trips to clinics, or for similar purposes. Prioritize risk avoidance and any program that submits a proposal that promotes risk rather than health should not be eligible for funding",U.S. Department of Health and Human Services,Health Education,Initiated/Attempted,"HHS defunded CA's PREP program because it ""refused to remove radical gender ideology"", also threatened to cut Nebraska's funding ebcause it refers to gender identity",https://progressivereform.org/tracking-trump-2/project-2025-executive-action-tracker/,477,2026-02-11,In progress
215,Health Education,HHS should abolish any lists with “approved curriculum”,U.S. Department of Health and Human Services,Health Education,Not Initiated,,https://progressivereform.org/tracking-trump-2/project-2025-executive-action-tracker/,477,2026-02-11,Not initiated
216,Health Education,"HHS should create a list of criteria for evaluating the sort of curriculum that should be selected for any sex education grant programs, both at OASH and at ACF",U.S. Department of Health and Human Services,Health Education,Proposed,ACF is currently reviewing PREP program curriculums,https://progressivereform.org/tracking-trump-2/project-2025-executive-action-tracker/,477,2026-02-11,In progress
217,Children and Families,"HHS, through ACF and the Assistant Secretary for Financial Resources (ASFR), should repeal the unnecessary 2016 regulation that imposes nonstatutory sexual orientation and gender identity nondiscrimination conditions on agency grants and return to the policy of maximizing the options for placing vulnerable children in their forever homes",U.S. Department of Health and Human Services,Children and Families,Completed,ACF has removed HHS sex-based discrimination web page (previously linked here),https://progressivereform.org/tracking-trump-2/project-2025-executive-action-tracker/,477,2026-02-11,Completed
218,Religious Freedom,ACF and OCR should survey their programs to consider whether additional waivers of HHS grant conditions—waivers the Biden Administration revoked in 2021—are needed for faith-based agencies,U.S. Department of Health and Human Services,Religious Freedom,Not Initiated,,https://progressivereform.org/tracking-trump-2/project-2025-executive-action-tracker/,478,2026-02-11,Not initiated
219,Refugee Resettlement,Move the Office of Refugee Resettlement (ORR) to the Department of Homeland Security,U.S. Department of Health and Human Services,Refugee Resettlement,Not Initiated,,https://progressivereform.org/tracking-trump-2/project-2025-executive-action-tracker/,478,2026-02-11,Not initiated
220,Abortion/Reproductive Health,"Prohibit ORR staff and care providers from facilitating abortions for unaccompanied children in its custody, including by transporting minors across state lines from pro-life states to abortion-friendly states",U.S. Department of Health and Human Services,Abortion/Reproductive Health,Not Initiated,,https://progressivereform.org/tracking-trump-2/project-2025-executive-action-tracker/,478,2026-02-11,Not initiated
221,Abortion/Reproductive Health,ORR should withdraw its policy of allowing elective abortions for children in ORR care and issue a new policy of instructing care providers not to allow girls to be transported for elective abortions. HHS OGC and the White House should insist that DOJ fight to defend that policy up to the U.S. Supreme Court in light of Dobbs,U.S. Department of Health and Human Services,Abortion/Reproductive Health,Not Initiated,,https://progressivereform.org/tracking-trump-2/project-2025-executive-action-tracker/,478,2026-02-11,Not initiated
222,Children and Families,"Use Healthy Marriage and Relationship Education (HMRE) Program funding or grants to provide state-level high school education resources and curriculum on healthy marriages, sexual risk avoidance, and healthy relationships",U.S. Department of Health and Human Services,Children and Families,Initiated/Attempted,"2025 NOFO on READY4Life program supporting ""healthy marriage and relationship education skills, parenting...""",https://progressivereform.org/tracking-trump-2/project-2025-executive-action-tracker/,480,2026-02-11,In progress
223,Religious Freedom,"Protect faith-based grant recipients from religious liberty violations that maintain a biblically based, social science–reinforced definition of marriage and family",U.S. Department of Health and Human Services,Religious Freedom,Not Initiated,,https://progressivereform.org/tracking-trump-2/project-2025-executive-action-tracker/,481,2026-02-11,Not initiated
224,Children and Families,"Healthy Marriage and Responsible Fatherhood (HMRF) Program funds should be used to support national messaging campaigns that affirm the role fathers play in the lives of their children, that recognize the financial hardships the fathers themselves face, and that seek to provide relationship education to fathers who were raised without a father in the home",U.S. Department of Health and Human Services,Children and Families,Not Initiated,,https://progressivereform.org/tracking-trump-2/project-2025-executive-action-tracker/,481,2026-02-11,Not initiated
225,Religious Freedom,Protect and prioritize grant allocations for faith-based programs that incorporate local churches and mentorship programs or increase social capital through multilayered community support,U.S. Department of Health and Human Services,Religious Freedom,Not Initiated,,https://progressivereform.org/tracking-trump-2/project-2025-executive-action-tracker/,481,2026-02-11,Not initiated
226,Children and Families,Allocate funding to strategy programs promoting father involvement or terminate parental rights quickly,U.S. Department of Health and Human Services,Children and Families,Not Initiated,,https://progressivereform.org/tracking-trump-2/project-2025-executive-action-tracker/,482,2026-02-11,Not initiated
227,Children and Families,Eliminate the Head Start program,U.S. Department of Health and Human Services,Children and Families,Proposed,Exclusive: Trump budget proposal would eliminate Head Start funding,https://progressivereform.org/tracking-trump-2/project-2025-executive-action-tracker/,482,2026-02-11,In progress
228,Metrics/Data Systems,Congress should allow CMS to use the 340B data that HRSA collects rather than having CMS conduct its own survey,U.S. Department of Health and Human Services,Metrics/Data Systems,Initiated/Attempted,"CMS has submitted for Congress' consideration its 2026 FY budget, which includes transfering 340B to CMS",https://progressivereform.org/tracking-trump-2/project-2025-executive-action-tracker/,483,2026-02-11,In progress
229,Abortion/Reproductive Health,Require HRSA to repromulgate any women’s preventive services mandates through the notice and comment process that is compliant with the Administrative Procedures Act,U.S. Department of Health and Human Services,Abortion/Reproductive Health,Proposed,Trump admin defending policy of USPSTF preventative services reccomendations in Braidwood Management,https://progressivereform.org/tracking-trump-2/project-2025-executive-action-tracker/,484,2026-02-11,In progress
230,Abortion/Reproductive Health,HHS should rescind contracts with the American College of Obstetricians and Gynecologists (ACOG) and establish an advisory committee that is compliant with the Federal Advisory Committee Act and has members that are committed to women’s preventive services,U.S. Department of Health and Human Services,Abortion/Reproductive Health,Completed,ACOG decided to stop receiving HHS funding,https://progressivereform.org/tracking-trump-2/project-2025-executive-action-tracker/,484,2026-02-11,Completed
231,Abortion/Reproductive Health,Expand inclusion of fertility awareness–based methods and supplies to family planning in the women’s preventive services mandate,U.S. Department of Health and Human Services,Abortion/Reproductive Health,Not Initiated,,https://progressivereform.org/tracking-trump-2/project-2025-executive-action-tracker/,484,2026-02-11,Not initiated
232,Abortion/Reproductive Health,Eliminate men’s preventive services from HRSA's women’s preventive services mandate,U.S. Department of Health and Human Services,Abortion/Reproductive Health,Not Initiated,,https://progressivereform.org/tracking-trump-2/project-2025-executive-action-tracker/,485,2026-02-11,Not initiated
233,Abortion/Reproductive Health,Eliminate the week-after-pill from the contraceptive mandate as a potential abortifacient,U.S. Department of Health and Human Services,Abortion/Reproductive Health,Not Initiated,,https://progressivereform.org/tracking-trump-2/project-2025-executive-action-tracker/,485,2026-02-11,Not initiated
234,LGBTQ+ Equity,"HRSA should withdraw all guidance encouraging Ryan White HIV/AIDS Program service providers to provide controversial “gender transition” procedures or “gender-affirming care,” which cause irreversible physical and mental harm to those who receive them",U.S. Department of Health and Human Services,LGBTQ+ Equity,Completed,"April 7, 2025 Ryan White letter",https://progressivereform.org/tracking-trump-2/project-2025-executive-action-tracker/,485,2026-02-11,Completed
235,Abortion/Reproductive Health,"HHS should ensure that training programs for medical professionals—including doctors, nurses, and doulas—are in full compliance with restrictions on abortion funding and conscience-protection laws",U.S. Department of Health and Human Services,Abortion/Reproductive Health,Completed,"OCR Dear Colleague letter ""Safeguarding Federal Conscience and Related Protections in Health Care""",https://progressivereform.org/tracking-trump-2/project-2025-executive-action-tracker/,485,2026-02-11,Completed
236,Abortion/Reproductive Health,Investigate state medical school compliance with the Coats–Snowe Amendment,U.S. Department of Health and Human Services,Abortion/Reproductive Health,Completed,"OCR Dear Colleague letter ""Safeguarding Federal Conscience and Related Protections in Health Care""",https://progressivereform.org/tracking-trump-2/project-2025-executive-action-tracker/,486,2026-02-11,Completed
237,Abortion/Reproductive Health,Ensure that the Accreditation Council for Graduate Medical Education (ACGME) complies with all relevant conscience statutes and regulations and that states have taken the affirmative steps to assure compliance with Coats–Snowe,U.S. Department of Health and Human Services,Abortion/Reproductive Health,Not Initiated,,https://progressivereform.org/tracking-trump-2/project-2025-executive-action-tracker/,486,2026-02-11,Not initiated
238,Abortion/Reproductive Health,Communicate to medical schools that any abortion-related training must be on an opt-in rather than opt-out basis,U.S. Department of Health and Human Services,Abortion/Reproductive Health,Not Initiated,,https://progressivereform.org/tracking-trump-2/project-2025-executive-action-tracker/,486,2026-02-11,Not initiated
239,Abortion/Reproductive Health,Require states that receive HHS funds to issue regulations or enter into arrangements with accrediting bodies to comply with the Coats–Snowe Amendment’s prohibition of mandatory abortion training by individuals or institutions,U.S. Department of Health and Human Services,Abortion/Reproductive Health,Not Initiated,,https://progressivereform.org/tracking-trump-2/project-2025-executive-action-tracker/,486,2026-02-11,Not initiated
240,Rural Health,"Implement or encourage policies that increase the supply of health care providers, such as increased telehealth access and interstate licensure, including for volunteers wishing to provide temporary, charitable services across state lines",U.S. Department of Health and Human Services,Rural Health,Completed,"Federal Telehealth Update | McCarter & English, LLP - JDSupra",https://progressivereform.org/tracking-trump-2/project-2025-executive-action-tracker/,488,2026-02-11,Completed
241,COVID-19/Public Health Emergencies,Reinstate the HHS SUNSET (Securing Updated and Necessary Statutory Evaluations Timely) rule,U.S. Department of Health and Human Services,COVID-19/Public Health Emergencies,Not Initiated,,https://progressivereform.org/tracking-trump-2/project-2025-executive-action-tracker/,488,2026-02-11,Not initiated
242,Abortion/Reproductive Health,"Investigate, expose, and remediate any instances in which HHS violated people’s rights by: (1) colluding with Big Tech to censor dissenting opinions during COVID and (2) colluding with abortion advocates and LGBT advocates to violate conscience-protection laws and the Hyde Amendment",U.S. Department of Health and Human Services,Abortion/Reproductive Health,Initiated/Attempted,https://www.federalregister.gov/documents/2025/01/28/2025-01902/restoring-freedom-of-speech-and-ending-federal-censorship,https://progressivereform.org/tracking-trump-2/project-2025-executive-action-tracker/,488,2026-02-11,In progress
243,Abortion/Reproductive Health,The Office of the Secretary should eliminate the HHS Reproductive Healthcare Access Task Force and install a pro-life task force to ensure that all of the department’s divisions seek to use their authority to promote the life and health of women and their unborn children,U.S. Department of Health and Human Services,Abortion/Reproductive Health,Initiated/Attempted,https://www.americanprogress.org/article/the-trump-administration-is-endangering-womens-reproductive-health/,https://progressivereform.org/tracking-trump-2/project-2025-executive-action-tracker/,489,2026-02-11,In progress
244,Abortion/Reproductive Health,The next Administration should create a dedicated Special Representative for Domestic Women’s Health,U.S. Department of Health and Human Services,Abortion/Reproductive Health,Not Initiated,,https://progressivereform.org/tracking-trump-2/project-2025-executive-action-tracker/,489,2026-02-11,Not initiated
245,OASH/OSG,The United States Public Health Service Commissioned Corps (USPHS) should be restructured to make it more like its sister uniformed services with a more streamlined chain of command and corresponding appropriations to ensure efficiency and clarity of mission.,U.S. Department of Health and Human Services,OASH/OSG,Not Initiated,,https://progressivereform.org/tracking-trump-2/project-2025-executive-action-tracker/,490,2026-02-11,Not initiated
246,OASH/OSG,"The Assistant Secretary for Health (ASH) and the Surgeon General (SG) positions should be combined into one four-star position with the rank, responsibilities, and authority of the ASH retained but with the title of Surgeon General and some of the SG’s communications responsibilities, which would include disseminating other HHS messages and sharing general medical advice without legal weight",U.S. Department of Health and Human Services,OASH/OSG,Not Initiated,,https://progressivereform.org/tracking-trump-2/project-2025-executive-action-tracker/,490,2026-02-11,Not initiated
247,OASH/OSG,The position previously known as the Principal Deputy Assistant Secretary for Health should be combined with and have the title of Deputy Surgeon General and become a three-star position with operational control including financial and deployment decisions,U.S. Department of Health and Human Services,OASH/OSG,Not Initiated,,https://progressivereform.org/tracking-trump-2/project-2025-executive-action-tracker/,490,2026-02-11,Not initiated
248,OASH/OSG,The Director of the Headquarters should be responsible for implementing the decisions of the Deputy Surgeon General,U.S. Department of Health and Human Services,OASH/OSG,Not Initiated,,https://progressivereform.org/tracking-trump-2/project-2025-executive-action-tracker/,490,2026-02-11,Not initiated
249,LGBTQ+ Equity,The OASH should withdraw all recommendations of and support for cross-sex medical interventions and “gender-affirming care”,U.S. Department of Health and Human Services,LGBTQ+ Equity,Completed,https://www.hhs.gov/press-room/gender-dysphoria-report-release.html,https://progressivereform.org/tracking-trump-2/project-2025-executive-action-tracker/,491,2026-02-11,Completed
250,Health Education,"The Title X family planning program should be reframed with a focus on better education around fertility awareness and holistic family planning and a Deputy Assistant Secretary for Population Affairs that understands the program and is able to work within its legislative framework (ideally, an MD)",U.S. Department of Health and Human Services,Health Education,Initiated/Attempted,https://www.nytimes.com/2025/07/18/us/politics/under-trump-a-new-focus-for-a-birth-control-program-helping-women-get-pregnant.html,https://progressivereform.org/tracking-trump-2/project-2025-executive-action-tracker/,491,2026-02-11,In progress
251,Religious Freedom,The Office of Population Affairs should eliminate religious discrimination in grant selections and guarantee the right of conscience and religious freedom of health care workers and participants in the Title X program,U.S. Department of Health and Human Services,Religious Freedom,Not Initiated,,https://progressivereform.org/tracking-trump-2/project-2025-executive-action-tracker/,491,2026-02-11,Not initiated
252,Abortion/Reproductive Health,HHS should quickly rescind the Biden Administration’s regulation on Title X and reinstate the Trump Administration regulation for the program that allows participation from pro-life grantees.,U.S. Department of Health and Human Services,Abortion/Reproductive Health,Not Initiated,,https://progressivereform.org/tracking-trump-2/project-2025-executive-action-tracker/,491,2026-02-11,Not initiated
253,COVID-19/Public Health Emergencies,"Review FEMA's role in public health emergencies for improvements in efficiency according to expertise and available resources, reduced confusion for ASPR and among HHS agencies, and avoidance of duplicated efforts among agencies and personnel",U.S. Department of Health and Human Services,COVID-19/Public Health Emergencies,Initiated/Attempted,"Gutting FEMA generally - ‘We’re not preparing’: As Trump officials vow to eliminate FEMA, the agency is already in turmoil | CNN Politics",https://progressivereform.org/tracking-trump-2/project-2025-executive-action-tracker/,491,2026-02-11,In progress
254,COVID-19/Public Health Emergencies,The President should invoke the Defense Production Act only in the gravest circumstances,U.S. Department of Health and Human Services,COVID-19/Public Health Emergencies,Not Initiated,,https://progressivereform.org/tracking-trump-2/project-2025-executive-action-tracker/,492,2026-02-11,Not initiated
255,COVID-19/Public Health Emergencies,The Strategic National Stockpile (SNS) should be reformed to consider the potential supply chain disruptions of pandemics or global conflicts,U.S. Department of Health and Human Services,COVID-19/Public Health Emergencies,Proposed,https://www.aha.org/news/headline/2025-08-14-administration-orders-six-month-stockpile-ingredients-domestic-drug-supply,https://progressivereform.org/tracking-trump-2/project-2025-executive-action-tracker/,492,2026-02-11,In progress
256,COVID-19/Public Health Emergencies,"The SNS should clarify its mission as supplier of last resort to the federal government, state governments, or first responders and key medical staff and should not portray itself as serving the public as a whole",U.S. Department of Health and Human Services,COVID-19/Public Health Emergencies,Not Initiated,,https://progressivereform.org/tracking-trump-2/project-2025-executive-action-tracker/,492,2026-02-11,Not initiated
257,COVID-19/Public Health Emergencies,"OGC's internal processes should be reformed to streamline necessary legal determinations during crises, and general processes should be reviewed for efficiency",U.S. Department of Health and Human Services,COVID-19/Public Health Emergencies,Completed,HHS Office of General Counsel Announces Reorganization Effort,https://progressivereform.org/tracking-trump-2/project-2025-executive-action-tracker/,492,2026-02-11,Completed
258,COVID-19/Public Health Emergencies,Rescind OGC's PREP Act liability memo,U.S. Department of Health and Human Services,COVID-19/Public Health Emergencies,Not Initiated,,https://progressivereform.org/tracking-trump-2/project-2025-executive-action-tracker/,492,2026-02-11,Not initiated
259,Religious Freedom,Rescind efforts to curtail OCR authority over conscience and religious freedom,U.S. Department of Health and Human Services,Religious Freedom,Completed,https://www.hhs.gov/conscience/your-protections-against-discrimination-based-on-conscience-and-religion/index.html,https://progressivereform.org/tracking-trump-2/project-2025-executive-action-tracker/,492,2026-02-11,Completed
260,Abortion/Reproductive Health,Encourage DOJ to repeal OLC memos allowing abortion funding despite Hyde and memos allowing federal enclave immunity to perform abortions despite the Assimilative Crimes Act,U.S. Department of Health and Human Services,Abortion/Reproductive Health,Completed,https://www.justice.gov/olc/media/1408241/dl,https://progressivereform.org/tracking-trump-2/project-2025-executive-action-tracker/,492,2026-02-11,Completed
261,COVID-19/Public Health Emergencies,Rescind legal analysis that authorized HHS to impose a moratorium on rental evictions during COVID,U.S. Department of Health and Human Services,COVID-19/Public Health Emergencies,Not Initiated,,https://progressivereform.org/tracking-trump-2/project-2025-executive-action-tracker/,492,2026-02-11,Not initiated
262,Children and Families,Rescind the OGC legal analysis saying that the injunction in Bowen v. American Hospital Association prevents any proposed HHS regulations or enforcement actions concerning the denial of care to newborn infants with disabilities by covered health care entities without or against parental consent,U.S. Department of Health and Human Services,Children and Families,Not Initiated,,https://progressivereform.org/tracking-trump-2/project-2025-executive-action-tracker/,492,2026-02-11,Not initiated
263,Abortion/Reproductive Health,Rescind the legal analysis supporting the Biden Administration’s decision to dismiss the University of Vermont Medical Center case dealing with the forced participation of a nurse in abortion in violation of law,U.S. Department of Health and Human Services,Abortion/Reproductive Health,Not Initiated,,https://progressivereform.org/tracking-trump-2/project-2025-executive-action-tracker/,493,2026-02-11,Not initiated
264,Abortion/Reproductive Health,Rescind the legal analysis restoring $200 million in Medicaid funds to California after having been found to be in violation of the Weldon Amendment by OCR,U.S. Department of Health and Human Services,Abortion/Reproductive Health,Initiated/Attempted,https://www.hhs.gov/press-room/conscience-dlc.html,https://progressivereform.org/tracking-trump-2/project-2025-executive-action-tracker/,493,2026-02-11,In progress
265,Office of Global Affairs,All divisions that work on international health efforts should be responsive to requests and direction from the Assistant Secretary with coordination for all health diplomacy emanating from OGA,U.S. Department of Health and Human Services,Office of Global Affairs,Not Initiated,,https://progressivereform.org/tracking-trump-2/project-2025-executive-action-tracker/,493,2026-02-11,Not initiated
266,Office of Global Affairs,OGA should have a clear and consistent voice for the Administration’s pro-life and pro-family priorities in all international engagements,U.S. Department of Health and Human Services,Office of Global Affairs,Not Initiated,,https://progressivereform.org/tracking-trump-2/project-2025-executive-action-tracker/,493,2026-02-11,Not initiated
267,Office of Global Affairs,OGA should hold oversight authority for implementation of the Mexico City policy throughout all divisions,U.S. Department of Health and Human Services,Office of Global Affairs,Not Initiated,,https://progressivereform.org/tracking-trump-2/project-2025-executive-action-tracker/,493,2026-02-11,Not initiated
268,Religious Freedom,OCR should restore and fully fund the Office of the Deputy Director for the Conscience and Religious Freedom Division (CRFD) and ensure that it has the necessary delegations from the Secretary to enforce these laws,U.S. Department of Health and Human Services,Religious Freedom,Not Initiated,,https://progressivereform.org/tracking-trump-2/project-2025-executive-action-tracker/,494,2026-02-11,Not initiated
269,Religious Freedom,"HHS should withdraw funding from any violating entities that refuse to correct their behavior, and OCR CRFD should work with ASFR to ensure that all grant announcements and instruments inform grantees and applicants of their obligations to comply with federal health care conscience laws specifically as a condition of obtaining or maintaining their funding",U.S. Department of Health and Human Services,Religious Freedom,Initiated/Attempted,https://www.newsandsentinel.com/news/local-news/2025/08/federal-health-watchdog-threatens-funding-over-religious-vaccine-exemption-fight/,https://progressivereform.org/tracking-trump-2/project-2025-executive-action-tracker/,494,2026-02-11,In progress
270,Religious Freedom,"Issue and finalize a draft OCR RFRA and religious freedom rule from the Trump
Administration",U.S. Department of Health and Human Services,Religious Freedom,Not Initiated,,https://progressivereform.org/tracking-trump-2/project-2025-executive-action-tracker/,494,2026-02-11,Not initiated
271,Religious Freedom,"HHS should reestablish waivers for state and child welfare agencies for religious exemptions, especially for faith-based adoption and foster care agencies",U.S. Department of Health and Human Services,Religious Freedom,Not Initiated,,https://progressivereform.org/tracking-trump-2/project-2025-executive-action-tracker/,494,2026-02-11,Not initiated
272,Religious Freedom,HHS should rescind subjective case-by-case evaluations for religious and faith-based organizations that request religious exemptions,U.S. Department of Health and Human Services,Religious Freedom,Not Initiated,,https://progressivereform.org/tracking-trump-2/project-2025-executive-action-tracker/,494,2026-02-11,Not initiated
273,Religious Freedom,"HHS should restore OCR authority to review requests for and render opinions on the application of RFRA to requests for religious accommodation of people, families, and doctors who cannot in good conscience take or administer vaccines, including those made or tested with aborted fetal cell lines",U.S. Department of Health and Human Services,Religious Freedom,Not Initiated,,https://progressivereform.org/tracking-trump-2/project-2025-executive-action-tracker/,495,2026-02-11,Not initiated
274,Section 1557,"HHS should restore Section 1557, Section 504, and other OCR regulations and fix guidance documents",U.S. Department of Health and Human Services,Section 1557,Initiated/Attempted,https://www.hhs.gov/sites/default/files/ocr-rescission-february-20-2025-notice-guidance.pdf,https://progressivereform.org/tracking-trump-2/project-2025-executive-action-tracker/,495,2026-02-11,In progress
275,Section 1557,OCR should return its enforcement of sex discrimination to the statutory framework of Section 1557 and Title IX,U.S. Department of Health and Human Services,Section 1557,Completed,Trump Administration Rescinds Protections Against Discrimination on the Basis of Gender Identity Under Health Care Nondiscrimination Laws | Crowell & Moring LLP,https://progressivereform.org/tracking-trump-2/project-2025-executive-action-tracker/,495,2026-02-11,Completed
276,Section 1557,OCR should remove all guidance issued under the Biden Administration concerning sexual orientation and gender identity under Section 1557,U.S. Department of Health and Human Services,Section 1557,Completed,Trump Administration Rescinds Protections Against Discrimination on the Basis of Gender Identity Under Health Care Nondiscrimination Laws | Crowell & Moring LLP,https://progressivereform.org/tracking-trump-2/project-2025-executive-action-tracker/,495,2026-02-11,Completed
277,Section 1557,"OCR should issue a general statement of policy specifying that it will not enforce any prohibition on sexual orientation and gender identity discrimination in the Section 1557 regulation and that it will prioritize compliance with the First Amendment, RFRA, and federal conscience laws in any case implicating those claims",U.S. Department of Health and Human Services,Section 1557,Completed,Trump Administration Rescinds Protections Against Discrimination on the Basis of Gender Identity Under Health Care Nondiscrimination Laws | Crowell & Moring LLP,https://progressivereform.org/tracking-trump-2/project-2025-executive-action-tracker/,495,2026-02-11,Completed
278,Section 1557,"DOJ should defend aggressively against inevitable court challenges to the Section 1557 regulation, including under cases such as Heckler v. Chaney",U.S. Department of Health and Human Services,Section 1557,Not Initiated,,https://progressivereform.org/tracking-trump-2/project-2025-executive-action-tracker/,495,2026-02-11,Not initiated
279,Section 1557,"OCR should issue a proposed rule to restore the Trump regulations under Section 1557, explicitly interpreting the law not to include sexual orientation and gender identity discrimination based on the textual approach to male and female biology taken by Congress in the ACA, the need to recognize biological distinctions as part of the sound practice of health care, and the need to ensure protections of medical judgment and conscience",U.S. Department of Health and Human Services,Section 1557,Not Initiated,,https://progressivereform.org/tracking-trump-2/project-2025-executive-action-tracker/,496,2026-02-11,Not initiated
280,Section 1557,"DOJ should agree to defend to the Supreme Court a proposed rule to restore the Trump regulations under Section 1557, if necessary",U.S. Department of Health and Human Services,Section 1557,Not Initiated,,https://progressivereform.org/tracking-trump-2/project-2025-executive-action-tracker/,496,2026-02-11,Not initiated
281,Section 1557,"OCR should issue a general statement of policy announcing that it plans to enforce Section 1557 discrimination bans by refocusing on serious cases of race, sex, and disability discrimination. In particular, OCR should highlight its 2019 investigation and voluntary resolution agreement with Michigan State University based on the sexual abuse of gymnasts by Larry Nassar",U.S. Department of Health and Human Services,Section 1557,Not Initiated,,https://progressivereform.org/tracking-trump-2/project-2025-executive-action-tracker/,496,2026-02-11,Not initiated
282,Physician-Assisted Suicide,"OCR should issue and finalize the Trump-era draft disability rights regulations concerning crisis standards of care and use of Quality of Life Adjusted Years (QALYs), and reissue and finalize a disability regulation (withdrawn by the Biden Administration) that prohibited discriminatory application of assisted suicide and denial of life-saving treatments for disabled newborns",U.S. Department of Health and Human Services,Physician-Assisted Suicide,Not Initiated,,https://progressivereform.org/tracking-trump-2/project-2025-executive-action-tracker/,496,2026-02-11,Not initiated
283,Abortion/Reproductive Health,OCR should withdraw its “Obligations Under Federal Civil Rights Laws to Ensure Access to Comprehensive Reproductive Health Care Services” guidance for retail pharmacies,U.S. Department of Health and Human Services,Abortion/Reproductive Health,Completed,Breaking: Trump is Scrubbing HIPAA Info off HHS Website,https://progressivereform.org/tracking-trump-2/project-2025-executive-action-tracker/,496,2026-02-11,Completed
284,Abortion/Reproductive Health,OCR should withdraw its Health Insurance Portability and Accountability Act (HIPAA) guidance on abortion,U.S. Department of Health and Human Services,Abortion/Reproductive Health,Completed,Breaking: Trump is Scrubbing HIPAA Info off HHS Website,https://progressivereform.org/tracking-trump-2/project-2025-executive-action-tracker/,497,2026-02-11,Completed
285,Personnel Organizational Agenda,"Assign all delegated powers to politically appointed PDAS, DAS, and other office leadership positions; change any current career leadership positions into political and non-career appointment positions; and use Senior Executive Service (SES) transfers to install aligned leadership.",U.S. Department of Housing and Urban Development,Personnel Organizational Agenda,Initiated/Attempted,"See, e.g., Executive Order, Restoring Accountability for Career Senior Executives (Jan. 20, 2025)",https://progressivereform.org/tracking-trump-2/project-2025-executive-action-tracker/,508,2026-02-11,In progress
286,Personnel Organizational Agenda,"Make the HUD Secretary a member of the Committee on Foreign Investment in the U.S., bringing broader oversight authorities to address foreign threats, especially China.",U.S. Department of Housing and Urban Development,Personnel Organizational Agenda,Not Initiated,,https://progressivereform.org/tracking-trump-2/project-2025-executive-action-tracker/,508,2026-02-11,Not initiated
287,Personnel Organizational Agenda,Initiate a HUD task force consisting of politically appointed personnel to identify and reverse all actions taken by the Biden Administration to advance progressive ideology.,U.S. Department of Housing and Urban Development,Personnel Organizational Agenda,Completed,"E.g., HUD Secretary Launches DOGE Task Force to Eliminate Waste, Fraud, and Abuse; HUD, OMB Streamline Home Appraisal Process, Effectively Disband Woke Biden-Era Task Force",https://progressivereform.org/tracking-trump-2/project-2025-executive-action-tracker/,508,2026-02-11,Completed
288,Bureaucracy/Logistics,Conduct a thorough review of all subregulatory guidance that has been instituted outside of the Administrative Procedure Act (APA).,U.S. Department of Housing and Urban Development,Bureaucracy/Logistics,Completed,HUD has rescinded guidance documents: see here and here.,https://progressivereform.org/tracking-trump-2/project-2025-executive-action-tracker/,508,2026-02-11,Completed
289,Real Estate/Zoning,End the Biden Administration’s Property Appraisal and Valuation Equity (PAVE) policies and reverse any Biden Administration actions that attempt to modify the process of real estate appraisals.,U.S. Department of Housing and Urban Development,Real Estate/Zoning,Completed,"Certain PAVE policies rescinded: HUD, OMB update appraisal policies and disband task force",https://progressivereform.org/tracking-trump-2/project-2025-executive-action-tracker/,508,2026-02-11,Completed
290,Eligibility,Repeal the Affirmatively Furthering Fair Housing (AFFH) regulation reinstituted under the Biden Administration and any other uses of special-purpose credit authorities to further equity.,U.S. Department of Housing and Urban Development,Eligibility,Completed,"Affirmatively Furthering Fair Housing Revisions, 90 Fed. Reg. 11020  (Mar. 3, 2025)",https://progressivereform.org/tracking-trump-2/project-2025-executive-action-tracker/,509,2026-02-11,Completed
291,Budget Organizational Agenda,Eliminate the new Housing Supply Fund.,U.S. Department of Housing and Urban Development,Budget Organizational Agenda,Completed,It appears that the FY26 HUD budget will not include the proposed Housing Supply Fund,https://progressivereform.org/tracking-trump-2/project-2025-executive-action-tracker/,509,2026-02-11,Completed
292,Eligibility,"Reduce the anti-marriage bias in housing assistance programs, strengthen work and work-readiness requirements, implement maximum term limits for residents in PBRA and TBRA programs, and end Housing First policies so that the department prioritizes mental health and substance abuse issues before jumping to permanent interventions in homelessness.",U.S. Department of Housing and Urban Development,Eligibility,Initiated/Attempted,Executive Order: Ending Crime and Disorder on America's Streets,https://progressivereform.org/tracking-trump-2/project-2025-executive-action-tracker/,509,2026-02-11,In progress
293,Bureaucracy/Logistics,Suspend all external research and evaluation grants in the Office of Policy Development and Research and end any projects that do not facilitate the regulatory impact analysis studies.,U.S. Department of Housing and Urban Development,Bureaucracy/Logistics,Proposed,The President's FY2026 Budget Proposal: Potential Impacts on Efforts to Prevent and End Homelessness,https://progressivereform.org/tracking-trump-2/project-2025-executive-action-tracker/,509,2026-02-11,In progress
294,Loan/Mortgage Policies,Increase the mortgage insurance premium (MIP) for all products above 20-year terms and maintain MIP for all products below 20-year terms and all refinances.,U.S. Department of Housing and Urban Development,Loan/Mortgage Policies,Not Initiated,,https://progressivereform.org/tracking-trump-2/project-2025-executive-action-tracker/,510,2026-02-11,Not initiated
295,Bureaucracy/Logistics,"Move the HUD Real Estate Assessment Center (REAC) from PIH to the Office of Housing, which already implements property standards in its multifamily housing lending programs through the multifamily accelerated processing (MAP) lending guidelines.",U.S. Department of Housing and Urban Development,Bureaucracy/Logistics,Not Initiated,,https://progressivereform.org/tracking-trump-2/project-2025-executive-action-tracker/,510,2026-02-11,Not initiated
296,Bureaucracy/Logistics,Give HUD the authority to streamline the enforcement of compliance with housing standards across the federal government and flexibility for physical inspections through private accreditation.,U.S. Department of Housing and Urban Development,Bureaucracy/Logistics,Not Initiated,,https://progressivereform.org/tracking-trump-2/project-2025-executive-action-tracker/,510,2026-02-11,Not initiated
297,Rollbacks,"Rollback on Biden's orders and reinstate the Trump-era Energy Dominance Agenda, rescind Secretarial Order (SO) 3398, and review all regulations, orders, guidance documents, policies, and similar agency actions made in compliance with that order.",U.S. Department of the Interior,Rollbacks,Initiated/Attempted,"Secretarial Order 3418 (February 3, 2025)",https://progressivereform.org/tracking-trump-2/project-2025-executive-action-tracker/,521,2026-02-11,In progress
298,Rollbacks,"The new Administration must immediately reinstate the following Trump DOI secretarial orders like SO 3348, SO 3349, SO 3350, SO 3351, SO 3352, SO 3354, SO 3355, SO 3358, SO 3360, SO 3380, SO 3385, SO 3389",U.S. Department of the Interior,Rollbacks,Not Initiated,,https://progressivereform.org/tracking-trump-2/project-2025-executive-action-tracker/,521/522,2026-02-11,Not initiated
299,Rollbacks,"Conduct offshore oil and natural gas lease sales to the maximum extent permitted under the 2023–2028 lease program, with the possibility to move forward under a previously studied but unselected plan alternative.",U.S. Department of the Interior,Rollbacks,Completed,Department of the Interior Announces New 2025 Lease Sale in the Gulf of America,https://progressivereform.org/tracking-trump-2/project-2025-executive-action-tracker/,523,2026-02-11,Completed
300,Rollbacks,"Review all resource management plans finalized in the previous four years and, when necessary, select studied alternatives to restore the multi-use concept enshrined in FLPMA and to eliminate management decisions  that advance the 30 by 30 agenda.",U.S. Department of the Interior,Rollbacks,Completed,"Related: Use this link to see every resource management plan (RMP) that is being target of or has been overturned by CRA resolutions in Congress (here);
Congress uses CRA procedures to overturn multiple resource management plans (here);
Trump signs resolution disapproving of Bureau of Land Management plan for the National Petroleum Reserve (here);
BLM's heated Rock Springs plan took 12 years to finish. Now the feds must redo it in one (here). Utah Delegation Moves to Overturn Biden-Era Grand Staircase-Escalante Land-Use Rule (here).",https://progressivereform.org/tracking-trump-2/project-2025-executive-action-tracker/,523,2026-02-11,Completed
301,Rollbacks,"Set rents, royalty rates, and bonding requirements to no higher than what is required under the Inflation Reduction Act.",U.S. Department of the Interior,Rollbacks,Not Initiated,,https://progressivereform.org/tracking-trump-2/project-2025-executive-action-tracker/,523,2026-02-11,Not initiated
302,Rollbacks,"Abandon withdrawals of lands from leasing in the Thompson Divide of the White River National Forest, Colorado; the 10-mile buffer around Chaco Cultural Historic National Park in New Mexico (restoring the compromise forged in the Arizona Wilderness Act) and the Boundary Waters area in northern Minnesota if those withdrawals have not been completed. Meanwhile, revisit associated leases and permits for energy and mineral production  in these areas in consultation with state elected officials.",U.S. Department of the Interior,Rollbacks,Completed,"Related/partial completion: Providing for congressional disapproval of the rule submitted by the Bureau of Land Management for Withdrawal of Federal Lands; Cook, Lake, and Saint Louis Counties, MN (Boundary Waters, Jan. 26, 2026).",https://progressivereform.org/tracking-trump-2/project-2025-executive-action-tracker/,523,2026-02-11,Completed
303,Rollbacks,"Rescind the Biden rules and reinstate the Trump rules regarding, BLM waste prevention, The Endangered Species Act rules defining Critical Habitat and Critical Habitat Exclusions, The Migratory Bird Treaty Act, CEQ reforms to NEPA.",U.S. Department of the Interior,Rollbacks,Completed,"Removal of National Environmental Policy Act Implementing Regulations  (Februay 19, 2025)",https://progressivereform.org/tracking-trump-2/project-2025-executive-action-tracker/,524,2026-02-11,Completed
304,Rollbacks,Reinstate President Trump’s plan for opening most of the National Petroleum Reserve of Alaska to leasing and development.,U.S. Department of the Interior,Rollbacks,Completed,"Interior Secretary Takes Steps to Unleash Alaska’s Extraordinary Resource Potential (March 20, 2025);
Interior withdraws restrictive special area policies in Alaska’s National Petroleum Reserve to advance energy development (July 28, 2025)",https://progressivereform.org/tracking-trump-2/project-2025-executive-action-tracker/,524,2026-02-11,Completed
305,Alaska Native Claims Settlement Act,"Approve the 2020 National Petroleum Reserve Alaska Integrated Activity Plan (NPRA-IAP) by resigning the Record of Decision. (Secretary Haaland’s order reverted to the 2013 IAP, the science for which is out of date, unlike the 2020 IAP.)",U.S. Department of the Interior,Alaska Native Claims Settlement Act,Completed,Related: Congress Axes Biden-Era Protections That Shielded Alaskan Wetlands From Drilling (here),https://progressivereform.org/tracking-trump-2/project-2025-executive-action-tracker/,524,2026-02-11,Completed
306,Alaska Native Claims Settlement Act,Reinstate the 2020 Arctic National Wildlife Refuge Environmental Impact Statement (EIS) by secretarial order and lift the suspension of the leases.,U.S. Department of the Interior,Alaska Native Claims Settlement Act,Completed,"BLM reinstituted the Coastal Plain Oil and Gas Leasing Program (October 23, 2025)",https://progressivereform.org/tracking-trump-2/project-2025-executive-action-tracker/,524,2026-02-11,Completed
307,Alaska Native Claims Settlement Act,"Approve the 2020 Willow EIS, the largest pending oil and gas projection in the United States in the National Petroleum Reserve-Alaska, and expand
approval from three to five drilling pads.",U.S. Department of the Interior,Alaska Native Claims Settlement Act,Not Initiated,,https://progressivereform.org/tracking-trump-2/project-2025-executive-action-tracker/,530,2026-02-11,Not initiated
308,Wildlife and Waters,"Revoke National Park Service and U.S. Fish and Wildlife Service rules regarding predator control and bear baiting, which are matters for state
regulation. Such revocation is permitted under the 2017 Congressional Review Act.",U.S. Department of the Interior,Wildlife and Waters,Proposed,"Interior Proposes to Restore State-Aligned Hunting Regulations on Alaska National Preserves (March 6, 2026)",https://progressivereform.org/tracking-trump-2/project-2025-executive-action-tracker/,531,2026-02-11,In progress
309,Wildlife and Waters,"Issue a secretarial order declaring navigable waters in Alaska to be owned by the state so that the lands beneath these waters belong to Alaska. This will force the BLM to prove that water is not navigable, since in the case  of non-navigability, any submerged lands belong to the BLM. Currently, BLM requires Alaska to prove navigability at its own expense—including the BLM’s preposterous assertion that the mighty Yukon River is non-navigable.",U.S. Department of the Interior,Wildlife and Waters,Completed,"Partial completion: Alaska Secures Statehood Rights in Fortymile River Case (December 29, 2025).",https://progressivereform.org/tracking-trump-2/project-2025-executive-action-tracker/,531,2026-02-11,Completed
310,Wildlife and Waters,Reinstate President Trump’s 2020 Alaska Roadless Rule for the Tongass National Forest in Alaska.,U.S. Department of the Interior,Wildlife and Waters,Proposed,"Related: Secretary Rollins Rescinds Roadless Rule (June 23, 2025), also USDA opened public comment period (August 27, 2025)",https://progressivereform.org/tracking-trump-2/project-2025-executive-action-tracker/,532,2026-02-11,In progress
311,30 by 30 Plan,President must take immediate action on the 30 by 30 plan by vacating a secretarial order issued by the Biden DOI that eliminated the Trump Administration’s requirement for the approval of state and local governments before federal acquisition of private property with monies from the Land and Water Conservation Fund.,U.S. Department of the Interior,30 by 30 Plan,Initiated/Attempted,"Secretarial Order 3442 - Land and Water Conservation Fund Implementation by the U.S. Department of the Interior (September 4, 2025)",https://progressivereform.org/tracking-trump-2/project-2025-executive-action-tracker/,532,2026-02-11,In progress
312,NEPA Reforms,"The Trump Administration adopted common-sense NEPA reform that must be restored immediately. Meanwhile, DOI should reinstate the secretarial orders adopted by the Trump Administration, such as placing time and page limits on NEPA documents and setting forth—on page one—the costs of the document itself.",U.S. Department of the Interior,NEPA Reforms,Completed,"Partial completion: Emergency Permitting Procedures to Strengthen Domestic Energy Supply (April 23, 2025).",https://progressivereform.org/tracking-trump-2/project-2025-executive-action-tracker/,533,2026-02-11,Completed
313,Endangered Species Act,Delist the grizzly bear in the Greater Yellowstone and Northern Continental Divide Ecosystems and defend to the Supreme Court of the United States the agency’s fact-based decision to do so.,U.S. Department of the Interior,Endangered Species Act,Not Initiated,,https://progressivereform.org/tracking-trump-2/project-2025-executive-action-tracker/,534,2026-02-11,Not initiated
314,Endangered Species Act,"Cede to western states jurisdiction over the greater sage-grouse, recognizing the on-the-ground expertise of states and preventing use of the sage-grouse to interfere with public access to public land and economic activity.",U.S. Department of the Interior,Endangered Species Act,Initiated/Attempted,"Secretarial Order 3418 (February 3, 2025)",https://progressivereform.org/tracking-trump-2/project-2025-executive-action-tracker/,534,2026-02-11,In progress
315,Endangered Species Act,Abolish the Biological Resources Division of the U.S. Geological Survey and obtain necessary scientific research about species of concern from universities via competitive requests for proposals.,U.S. Department of the Interior,Endangered Species Act,Initiated/Attempted,"Related: see ""Trump swings budget ax at USGS biology research"" and 
""Trump cuts would scrap the USGS biological research arm""",https://progressivereform.org/tracking-trump-2/project-2025-executive-action-tracker/,534,2026-02-11,In progress
316,Office of Surface Mining,"Reduce the number of field coal-reclamation inspectors to recognize the
industry is smaller.",U.S. Department of the Interior,Office of Surface Mining,Initiated/Attempted,"Related: see Mine Safety and Health Administration office closures (March 31, 2025)",https://progressivereform.org/tracking-trump-2/project-2025-executive-action-tracker/,535,2026-02-11,In progress
317,Office of Surface Mining,Reissue Trump’s Schedule F executive order to permit discharge of nonperforming employees,U.S. Department of the Interior,Office of Surface Mining,Completed,"Executive Order 14171  (January 20, 2025):
Guidance on Implementing President Trump’s Executive Order 14171 (January 27, 2025)",https://progressivereform.org/tracking-trump-2/project-2025-executive-action-tracker/,535,2026-02-11,Completed
318,Western Water Issues,"Implement actions identified in the Federal Action Plan for Improving Forecasts of Water Availability, especially by adopting improvements related to Forecast Informed Reservoir Operations and Aerial Snow Observation Systems.",U.S. Department of the Interior,Western Water Issues,Not Initiated,,https://progressivereform.org/tracking-trump-2/project-2025-executive-action-tracker/,536,2026-02-11,Not initiated
319,Western Water Issues,Reinstate Presidential Memorandum on Promoting the Reliable Supply and Delivery of Water in the West,U.S. Department of the Interior,Western Water Issues,Initiated/Attempted,"Related: Putting People over Fish (Memorandum, Jan. 20, 2025)",https://progressivereform.org/tracking-trump-2/project-2025-executive-action-tracker/,536,2026-02-11,In progress
320,American Indians,End the war on fossil fuels and domestically available minerals and facilitate their development on lands owned by Indians and Indian nations.,U.S. Department of the Interior,American Indians,Initiated/Attempted,"Secretarial Order 3418 (February 3, 2025);
Executive Order (March 20, 2025)",https://progressivereform.org/tracking-trump-2/project-2025-executive-action-tracker/,537,2026-02-11,In progress
321,American Indians,End federal mandates and subsidies of electric vehicles.,U.S. Department of the Interior,American Indians,Initiated/Attempted,"Secretarial Order 3418 (February 3, 2025)",https://progressivereform.org/tracking-trump-2/project-2025-executive-action-tracker/,537,2026-02-11,In progress
322,American Indians,Restore the right of tribal governments to enforce environmental regulation on their lands.,U.S. Department of the Interior,American Indians,Not Initiated,,https://progressivereform.org/tracking-trump-2/project-2025-executive-action-tracker/,537,2026-02-11,Not initiated
323,FBI Integrity,"Conduct an immediate, comprehensive review of all major active FBI
investigations and activities and terminate any that are unlawful
or contrary to the national interest.",U.S. Department of Justice,FBI Integrity,Initiated/Attempted,"We've not found evidence of a comprehensive review focused on all FBI investigations, but there are ample examples of prosecutions (presumably alongside attendant investigations) being dropped.",https://progressivereform.org/tracking-trump-2/project-2025-executive-action-tracker/,549,2026-02-11,In progress
324,FBI Integrity,"Align the FBI’s placement within the department and the federal
government with its law enforcement and national security
purposes.",U.S. Department of Justice,FBI Integrity,Completed,Cf. https://www.npr.org/2025/06/02/nx-s1-5413254/a-look-at-the-drastic-changes-kash-patel-is-making-as-lead-of-the-fbi (providing an overview of Patel's in progress and planned changes to the FBI); https://www.blumenthal.senate.gov/newsroom/press/release/as-the-trump-administration-slashes-law-enforcement-funding-and-fires-national-security-agents-senators-write-patel-bondi-about-the-impact-on-public-safety,https://progressivereform.org/tracking-trump-2/project-2025-executive-action-tracker/,549,2026-02-11,Completed
325,FBI Integrity,"Prohibit the FBI from engaging, in general, in activities related
to combating the spread of so-called misinformation and
disinformation by Americans who are not tied to any plausible
criminal activity",U.S. Department of Justice,FBI Integrity,Completed,Restoring Freedom Of Speech And Ending Federal Censorship – The White House,https://progressivereform.org/tracking-trump-2/project-2025-executive-action-tracker/,550,2026-02-11,Completed
326,Violent Crime,"Use applicable federal laws to bring federal charges against
criminals when local jurisdictions wrongfully allow them to evade
responsibility for their conduct",U.S. Department of Justice,Violent Crime,Completed,https://www.pbs.org/newshour/politics/takeaways-from-trumps-federal-law-enforcement-surge-in-dc-as-his-emergency-order-is-set-to-expire,https://progressivereform.org/tracking-trump-2/project-2025-executive-action-tracker/,553,2026-02-11,Completed
327,Violent Crime,"Where warranted and proper under federal law, initiate legal action
against local officials—including District Attorneys—who deny
American citizens the “equal protection of the laws” by refusing to
prosecute criminal offenses in their jurisdictions.",U.S. Department of Justice,Violent Crime,Not Initiated,,https://progressivereform.org/tracking-trump-2/project-2025-executive-action-tracker/,553,2026-02-11,Not initiated
328,Violent Crime,Enforce the death penalty where appropriate and applicable.,U.S. Department of Justice,Violent Crime,Completed,Restoring The Death Penalty And Protecting Public Safety – The White House,https://progressivereform.org/tracking-trump-2/project-2025-executive-action-tracker/,554,2026-02-11,Completed
329,Domestic and International Criminal Enterprises,"Revitalize the DOJ’s use of the array of statutory tools that exist for
dealing with the threat of criminal organizations.",U.S. Department of Justice,Domestic and International Criminal Enterprises,Completed,Cf. https://www.whitehouse.gov/presidential-actions/2025/09/countering-domestic-terrorism-and-organized-political-violence/,https://progressivereform.org/tracking-trump-2/project-2025-executive-action-tracker/,554,2026-02-11,Completed
330,National Security,"Restart the China Initiative,  a program by the United States Department of Justice to prosecute potential Chinese spies in American research and industry, in order to combat economic espionage.",U.S. Department of Justice,National Security,Proposed,Cf. https://chu.house.gov/media-center/press-releases/rep-chu-senator-hirono-and-colleagues-oppose-recreation-trumps-china,https://progressivereform.org/tracking-trump-2/project-2025-executive-action-tracker/,556,2026-02-11,In progress
331,Rule of Law,"Issue guidance to ensure that litigation decisions are consistent with
the President’s agenda and the rule of law",U.S. Department of Justice,Rule of Law,Completed,General Policy Regarding Zealous Advocacy on Behalf of the United States,https://progressivereform.org/tracking-trump-2/project-2025-executive-action-tracker/,559,2026-02-11,Completed
332,Rule of Law,"Ensure that the DOJ spearheads an initiative demonstrating the
federal government’s commitment to nondiscrimination.",U.S. Department of Justice,Rule of Law,Completed,"Many CRT investigations launched, e.g., https://www.justice.gov/opa/pr/justice-department-launches-title-iv-and-title-vi-investigation-university-nevada-las-vegas",https://progressivereform.org/tracking-trump-2/project-2025-executive-action-tracker/,562,2026-02-11,Completed
333,Immigration,"At a minimum, pursue through rulemaking—and in partnership
with the Department of Homeland Security where appropriate—the
promulgation of every rule related to immigration that was issued
during the Trump Administration",U.S. Department of Justice,Immigration,Initiated/Attempted,"Report on the Trump Administration's Early 2025 Changes to Immigration Law (Last updated March 18, 2025)",https://progressivereform.org/tracking-trump-2/project-2025-executive-action-tracker/,568,2026-02-11,In progress
334,Immigration,"Pursue proactive litigation to advance the federal government’s
interests in areas where erroneous precedent curtails authorities
provided by Congress (for example, by pursuing the overturning of
the Flores Settlement Agreement).",U.S. Department of Justice,Immigration,Initiated/Attempted,Justice Department sues Chicago and Illinois over 'sanctuary' laws,https://progressivereform.org/tracking-trump-2/project-2025-executive-action-tracker/,568,2026-02-11,In progress
335,Immigration,"Pursue aggressive enforcement of the immigration laws within the
Immigrant and Employee Rights Section of the Civil Rights Division
to ensure that no American citizen is discriminated against in the
employment context in favor of a temporary or foreign worker.",U.S. Department of Justice,Immigration,Completed,https://www.justice.gov/opa/pr/justice-department-reaches-new-settlement-protect-us-workers; https://www.justice.gov/crt/reporting-unfair-visa-related-employment-practices,https://progressivereform.org/tracking-trump-2/project-2025-executive-action-tracker/,568,2026-02-11,Completed
336,Department Resources,Undertake a comprehensive review of DOJ hiring practices.,U.S. Department of Justice,Department Resources,Not Initiated,,https://progressivereform.org/tracking-trump-2/project-2025-executive-action-tracker/,569,2026-02-11,Not initiated
337,Department Resources,"Eliminate Redundant Offices and Consolidating Functions to Increase
Efficiencies.",U.S. Department of Justice,Department Resources,Completed,"https://news.bloomberglaw.com/us-law-week/doj-rethinks-reorganization-tied-to-gender-affirming-care-probes (After Attorney General Pam Bondi gave final approval last week, following months of delays, to the department’s broader cost-cutting reorganization, Shumate messaged the civil division Monday to describe the new structure. His memo, a copy of which was obtained by Bloomberg Law, said that the consumer protection unit will be dissolved and split into two parts to separate its civil and criminal enforcement responsibilities.); https://www.whitehouse.gov/fact-sheets/2026/01/fact-sheet-president-donald-j-trump-establishes-new-department-of-justice-division-for-national-fraud-enforcement/; https://www.taxnotes.com/research/federal/irs-guidance/regulations-other-irs/doj-releases-rule-transfer-tax-division-functions/7tc81",https://progressivereform.org/tracking-trump-2/project-2025-executive-action-tracker/,570,2026-02-11,Completed
338,DEI,"Issue an executive order banning, and Congress should pass a law prohibiting the federal government from using taxpayer dollars to fund, all critical race theory training (CRT).",U.S. Department of Labor,DEI,Completed,"Executive Order 14151 (January 20, 2025)",https://progressivereform.org/tracking-trump-2/project-2025-executive-action-tracker/,582,2026-02-11,Completed
339,DEI,"Direct DOJ and EEOC to enforce Title VII to prohibit racial classifications and quotas, including human-resources classifications and DEI trainings that promote critical race theory.",U.S. Department of Labor,DEI,Completed,"Executive Order 14173 (January 21, 2025)",https://progressivereform.org/tracking-trump-2/project-2025-executive-action-tracker/,582,2026-02-11,Completed
340,Workplace Discrimination,Eliminate EEO-1 data collection.,U.S. Department of Labor,Workplace Discrimination,Initiated/Attempted,"In April, the Trump administration announced significantly weakened reporting requirements",https://progressivereform.org/tracking-trump-2/project-2025-executive-action-tracker/,583,2026-02-11,In progress
341,Workplace Discrimination,Sign an executive order forbidding the Office of Federal Contract Compliance Programs (OFCCP) from using disparate impact in its analysis.,U.S. Department of Labor,Workplace Discrimination,Completed,"Executive Order 14173 (January 21, 2025)",https://progressivereform.org/tracking-trump-2/project-2025-executive-action-tracker/,583,2026-02-11,Completed
342,Workplace Discrimination,"Eliminate the OFCCP, which exists to enforce EO 11246 (requiring federal contractors to commit to nondiscrimination).",U.S. Department of Labor,Workplace Discrimination,Completed,"Executive Order 14173 (January 21, 2025)",https://progressivereform.org/tracking-trump-2/project-2025-executive-action-tracker/,583,2026-02-11,Completed
343,Workplace Discrimination,"Rescind EO 11246, thereby eliminating OFCCP.",U.S. Department of Labor,Workplace Discrimination,Completed,"Executive Order 14173 (Jan. 31, 2025)",https://progressivereform.org/tracking-trump-2/project-2025-executive-action-tracker/,584,2026-02-11,Completed
344,Workplace Discrimination,Restrict Bostock v. Clayton County's application of sex discrimination protections to sexual orientation and transgender status in the context of hiring and firing.,U.S. Department of Labor,Workplace Discrimination,Completed,"EEOC Press Release (Jan. 28, 2025)",https://progressivereform.org/tracking-trump-2/project-2025-executive-action-tracker/,584,2026-02-11,Completed
345,Workplace Discrimination,"Direct agencies to withdraw unlawful ""notices"" and ""guidances"" purporting to apply Bostock's reasoning broadly outside hiring and firing.",U.S. Department of Labor,Workplace Discrimination,Completed,"EEOC Press Release (Jan. 28, 2025)",https://progressivereform.org/tracking-trump-2/project-2025-executive-action-tracker/,584,2026-02-11,Completed
346,Workplace Discrimination,"Direct agencies to rescind regulations interpreting sex discrimination provisions as prohibiting discrimination on the basis of sexual orientation, gender identity, transgender status, and sex characteristics.",U.S. Department of Labor,Workplace Discrimination,Completed,"Executive Order 14168 (Jan. 30, 2025)",https://progressivereform.org/tracking-trump-2/project-2025-executive-action-tracker/,584,2026-02-11,Completed
347,Workplace Discrimination,"Direct agencies to focus their enforcement of sex discrimination laws on the biological binary meaning of ""sex.""",U.S. Department of Labor,Workplace Discrimination,Completed,"Executive Order 14168 (Jan. 30, 2025)",https://progressivereform.org/tracking-trump-2/project-2025-executive-action-tracker/,585,2026-02-11,Completed
348,Workplace Discrimination,"Enact policies with robust respect for religious exercise in the workplace, including under the First Amendment, the Religious Freedom Restoration Act of 1993 (RFRA), Title VII, and federal conscience protection laws.",U.S. Department of Labor,Workplace Discrimination,Completed,"OPM Memo: Protecting Religious Expression in the Federal WOrkplace (Jul. 28, 2025)",https://progressivereform.org/tracking-trump-2/project-2025-executive-action-tracker/,585,2026-02-11,Completed
349,Workplace Discrimination,"Issue an executive order clarifying that employers are free to run their businesses according to their religious beliefs, general nondiscrimination laws notwithstanding, and support participation of religious employees and employers as federal contractors and in federal activities and programs.",U.S. Department of Labor,Workplace Discrimination,Completed,"OPM Memo: Protecting Religious Expression in the Federal WOrkplace (Jul. 28, 2025); Executive Order on Eradicating Anti-Christian Bias (February 6, 2025)",https://progressivereform.org/tracking-trump-2/project-2025-executive-action-tracker/,586,2026-02-11,Completed
350,Workplace Discrimination,"Clarify that ""undue hardship"" under Title VII's religious protections for employees means ""significant difficulty or expenses,"" not ""more than a de minimis cost"" as the Court has previously held.",U.S. Department of Labor,Workplace Discrimination,Completed,EEOC Guidance,https://progressivereform.org/tracking-trump-2/project-2025-executive-action-tracker/,586,2026-02-11,Completed
351,Workplace Discrimination,"EEOC should affirm as policy the Title VII requirement that it exercise substantive power via majority vote of Commissioners, not by unilateral Chair action or by delegation to staff.",U.S. Department of Labor,Workplace Discrimination,Completed,"Asserted in ""Removing Gender Ideology and Restoring the EEOC’s Role of Protecting Women in the Workplace"" Press Release (January 28, 2025)",https://progressivereform.org/tracking-trump-2/project-2025-executive-action-tracker/,586,2026-02-11,Completed
352,Workplace Discrimination,EEOC should disclaim power to enter into consent decrees that require employer actions that it could not require under the laws it enforces.,U.S. Department of Labor,Workplace Discrimination,Not Initiated,,https://progressivereform.org/tracking-trump-2/project-2025-executive-action-tracker/,587,2026-02-11,Not initiated
353,Workplace Discrimination,"EEOC should reorient its enforcement priorities toward claims of failure to accommodate disability, religion, and pregnancy (but not abortion).",U.S. Department of Labor,Workplace Discrimination,Completed,"""Removing Gender Ideology and Restoring the EEOC’s Role of Protecting Women in the Workplace"" Press Release (January 28, 2025)",https://progressivereform.org/tracking-trump-2/project-2025-executive-action-tracker/,587,2026-02-11,Completed
354,Labor Regulation,"Establish a bright-line test—based on the level of control an individual exercises over his or her work—to determine whether a payee is an employee or an independent contractor, across all relevant laws.",U.S. Department of Labor,Labor Regulation,Completed,"""US Department of Labor issues guidance on independent contractor misclassification enforcement"" Press Release (May 1, 2025)",https://progressivereform.org/tracking-trump-2/project-2025-executive-action-tracker/,591,2026-02-11,Completed
355,Labor Regulation,Provide a safe harbor from employer-employee status for companies that offer independent workers access to earned benefits.,U.S. Department of Labor,Labor Regulation,Not Initiated,,https://progressivereform.org/tracking-trump-2/project-2025-executive-action-tracker/,591,2026-02-11,Not initiated
356,Labor Regulation,DOL should maintain an overtime threshold that does not punish businesses in lower-cost regions by automatically updating the thresholds every five years using the Personal Consumption Expenditures (PCE) as an inflation adjustment.,U.S. Department of Labor,Labor Regulation,Not Initiated,,https://progressivereform.org/tracking-trump-2/project-2025-executive-action-tracker/,592,2026-02-11,Not initiated
357,Labor Regulation,DOL should reinstitute the PRO Good Guidance rule via notice and comment.,U.S. Department of Labor,Labor Regulation,Not Initiated,,https://progressivereform.org/tracking-trump-2/project-2025-executive-action-tracker/,593,2026-02-11,Not initiated
358,Labor Regulation,The labor agencies should exercise their available discretion and duties under the Regulatory Flexibility Act to exempt small entities from regulations where possible.,U.S. Department of Labor,Labor Regulation,Not Initiated,,https://progressivereform.org/tracking-trump-2/project-2025-executive-action-tracker/,594,2026-02-11,Not initiated
359,Labor Regulation,"Exempt small business, first-time, non-willful violators from fines issued by the Occupational Health and Safety Administration.",U.S. Department of Labor,Labor Regulation,Not Initiated,,https://progressivereform.org/tracking-trump-2/project-2025-executive-action-tracker/,594,2026-02-11,Not initiated
360,Education and Vocational Training,DOL amend hazard order regulations to allow teenage workers access to work in reguated jobs with training and parental consent.,U.S. Department of Labor,Education and Vocational Training,Initiated/Attempted,"Child labor regulation revision withdrawn from OIRA review (Sept. 25, 2025)",https://progressivereform.org/tracking-trump-2/project-2025-executive-action-tracker/,595,2026-02-11,In progress
361,Education and Vocational Training,Adopt the civil service's skills-based hiring standards for federal contractors and issue waivers from degree-based staffing requirements in contracts.,U.S. Department of Labor,Education and Vocational Training,Not Initiated,,https://progressivereform.org/tracking-trump-2/project-2025-executive-action-tracker/,596,2026-02-11,Not initiated
362,Education and Vocational Training,DOL and other federal agencies related to employment and training should review  programs to ensure outcome-based metrics; Agencies have authority to reevaluate funding for programs that do not meet requirements.,U.S. Department of Labor,Education and Vocational Training,Not Initiated,,https://progressivereform.org/tracking-trump-2/project-2025-executive-action-tracker/,597,2026-02-11,Not initiated
363,Education and Vocational Training,DOL and other federal agencies should implement strong internal policies to ensure bad-actor grantees are identified and sanctioned immediately.,U.S. Department of Labor,Education and Vocational Training,Not Initiated,,https://progressivereform.org/tracking-trump-2/project-2025-executive-action-tracker/,597,2026-02-11,Not initiated
364,Education and Vocational Training,"Develop a framework of technical standards on broader tech topics including state agency cybersecurity postures, data taxonomy standardization, and/or identity verification standards.",U.S. Department of Labor,Education and Vocational Training,Not Initiated,,https://progressivereform.org/tracking-trump-2/project-2025-executive-action-tracker/,598,2026-02-11,Not initiated
365,Education and Vocational Training,"DOL should review all actual or planned procurements against the $2 billion (under the American Rescue Plan Act) for UI fraud detection, accessibility, and equity investments.",U.S. Department of Labor,Education and Vocational Training,Completed,Press reports that DOL cancelled on May 22 ARP grants to states to modernize their UI  systems,https://progressivereform.org/tracking-trump-2/project-2025-executive-action-tracker/,598,2026-02-11,Completed
366,Education and Vocational Training,DOL to review and propose changes to improve state monitoring programs including evidence-based framworks for evaluating technical readiness and security postures of the state agencies.,U.S. Department of Labor,Education and Vocational Training,Not Initiated,,https://progressivereform.org/tracking-trump-2/project-2025-executive-action-tracker/,598,2026-02-11,Not initiated
367,Worker Voice and Collective Bargaining,"To enact transparency rules, the Intermediate Bodies Rule, and restore the annual filing requirement for the T-1 Trust Annual Report.",U.S. Department of Labor,Worker Voice and Collective Bargaining,Not Initiated,,https://progressivereform.org/tracking-trump-2/project-2025-executive-action-tracker/,600,2026-02-11,Not initiated
368,Worker Voice and Collective Bargaining,NLRB should enforce or take amicus action to position that political conflicts of interest by union leadership can support claims for breach of duty of fair representation similar to financial conflicts of interests and breaches of the fiduciary duty of loyalty in other areas of law.,U.S. Department of Labor,Worker Voice and Collective Bargaining,Not Initiated,,https://progressivereform.org/tracking-trump-2/project-2025-executive-action-tracker/,600,2026-02-11,Not initiated
369,Worker Voice and Collective Bargaining,"Reverse unreasonable interpretations of ""protected concerted activity""  and return to the 2019 Alstate Maintenance interpretation for defining protected concerted activity.",U.S. Department of Labor,Worker Voice and Collective Bargaining,Completed,"General Counsel Memo 25-11: Proceedings Under Section 10(j) of the Act (Sept. 5, 2025)",https://progressivereform.org/tracking-trump-2/project-2025-executive-action-tracker/,601,2026-02-11,Completed
370,Worker Voice and Collective Bargaining,NLRB should increase the pursuit of reinstatement injunctions.,U.S. Department of Labor,Worker Voice and Collective Bargaining,Not Initiated,,https://progressivereform.org/tracking-trump-2/project-2025-executive-action-tracker/,601,2026-02-11,Not initiated
371,Worker Voice and Collective Bargaining,"Increase the use of 10(j) injunctive relief and articulate guidelines for situations where it intends to seek injunctive relief, and delegate authority to general counsel.",U.S. Department of Labor,Worker Voice and Collective Bargaining,Completed,"General Counsel Memo 25-11: Proceedings Under Section 10(j) of the Act (Sept. 5, 2025)",https://progressivereform.org/tracking-trump-2/project-2025-executive-action-tracker/,601,2026-02-11,Completed
372,Worker Voice and Collective Bargaining,DOL to investigate worker centers that operate like unions and require them to file the same financial disclosures.,U.S. Department of Labor,Worker Voice and Collective Bargaining,Not Initiated,,https://progressivereform.org/tracking-trump-2/project-2025-executive-action-tracker/,601,2026-02-11,Not initiated
373,Worker Voice and Collective Bargaining,The Office of Labor Management Standards should revise investigation standards to authorize investigations without receiving formal complaint,U.S. Department of Labor,Worker Voice and Collective Bargaining,Not Initiated,,https://progressivereform.org/tracking-trump-2/project-2025-executive-action-tracker/,602,2026-02-11,Not initiated
374,Worker Voice and Collective Bargaining,NLRB should eliminate the contract bar rule so employees with an interest in decertification have a reasonable chance to achieve their goal.,U.S. Department of Labor,Worker Voice and Collective Bargaining,Not Initiated,,https://progressivereform.org/tracking-trump-2/project-2025-executive-action-tracker/,603,2026-02-11,Not initiated
375,Worker Voice and Collective Bargaining,Agencies should end all mandatory Project Labor Agreement requirements and base federal procurement decisions on contractors that can deliver best product at the lowest cost.,U.S. Department of Labor,Worker Voice and Collective Bargaining,Initiated/Attempted,"""Additional Rescissions of Harmful Executive Orders and Actions"" Executive Order 14236 (March 14, 2005) [rescinded President Biden's Executive Order 14126 ""Investing in America and Investing in American Workers""]",https://progressivereform.org/tracking-trump-2/project-2025-executive-action-tracker/,604,2026-02-11,In progress
376,Worker Voice and Collective Bargaining,DOL should approve non-public worker organizations as UI administrators.,U.S. Department of Labor,Worker Voice and Collective Bargaining,Not Initiated,,https://progressivereform.org/tracking-trump-2/project-2025-executive-action-tracker/,605,2026-02-11,Not initiated
377,Worker Voice and Collective Bargaining,DOL should offer waivers from the standard requirements imposed on unemployment compensation to states that offer suitable alternatives.,U.S. Department of Labor,Worker Voice and Collective Bargaining,Not Initiated,,https://progressivereform.org/tracking-trump-2/project-2025-executive-action-tracker/,605,2026-02-11,Not initiated
378,Worker Voice and Collective Bargaining,DOL should establish as a precondition for receiving any public funds to require organizations to comply restrictions on political spending.,U.S. Department of Labor,Worker Voice and Collective Bargaining,Not Initiated,,https://progressivereform.org/tracking-trump-2/project-2025-executive-action-tracker/,605,2026-02-11,Not initiated
379,Worker Voice and Collective Bargaining,"DOL should repromulgate the Trump-era staffing flexibility rule, and Congress should codify it.",U.S. Department of Labor,Worker Voice and Collective Bargaining,Proposed,"Wagner-Peyser Act Employment Service Staffing Proposal (Jul. 1, 2025)",https://progressivereform.org/tracking-trump-2/project-2025-executive-action-tracker/,606,2026-02-11,In progress
380,Retirement Savings,DOL should prohibit investing in ERISA plans on the basis of any factors that are unrelated to investor risks and returns.,U.S. Department of Labor,Retirement Savings,Proposed,"Ending defense of ESG rule, signalling new rulemaking (May 28, 2025)",https://progressivereform.org/tracking-trump-2/project-2025-executive-action-tracker/,607,2026-02-11,In progress
381,Retirement Savings,DOL should return to the Trump Administration's approach of permitting only the consideration of pecuniary factors in ERISA.,U.S. Department of Labor,Retirement Savings,Proposed,"Ending defense of ESG rule, signalling new rulemaking (May 28, 2025)",https://progressivereform.org/tracking-trump-2/project-2025-executive-action-tracker/,607,2026-02-11,In progress
382,Retirement Savings,DOL should consider taking enforcement and/or regulatory action to subject investment in China to greater scrutiny under ERISA.,U.S. Department of Labor,Retirement Savings,Proposed,"America First Investment Policy (Feb. 21, 2025)",https://progressivereform.org/tracking-trump-2/project-2025-executive-action-tracker/,607,2026-02-11,In progress
383,Retirement Savings,"DOL should reverse efforts to politicize the TSP by removing ""mutual fund"" windows that encourage ESP and clarify the fiduciary duties of the TSP.",U.S. Department of Labor,Retirement Savings,Not Initiated,,https://progressivereform.org/tracking-trump-2/project-2025-executive-action-tracker/,608,2026-02-11,Not initiated
384,Pension Reforms,"The federal government should follow the lead of multiple state governments in removing their pension funds from fund managers such as BlackRock and State Street Global Advisers, and contract with competitive, private-sector manager that will comply with its fiduciary duties.",U.S. Department of Labor,Pension Reforms,Not Initiated,,https://progressivereform.org/tracking-trump-2/project-2025-executive-action-tracker/,608,2026-02-11,Not initiated
385,Pension Reforms,DOL should also consider bringing enforcement actions against BlackRock and State Street Global Advisers for their violations of fiduciary duty while managing the TSP.,U.S. Department of Labor,Pension Reforms,Not Initiated,,https://progressivereform.org/tracking-trump-2/project-2025-executive-action-tracker/,608,2026-02-11,Not initiated
386,Immigration,"To protect the American workforce from unscrupulous immigration lawyers, employers, and labor brokers, the department must follow the recommendations of the OIG and institute more robust investigations for suspected visa fraud and speedier debarments for those found guilty.",U.S. Department of Labor,Immigration,Completed,"Launched ""Project Firewall"" to increase scrutiny of H-1B applications and violations (Sept. 19, 2025)",https://progressivereform.org/tracking-trump-2/project-2025-executive-action-tracker/,613,2026-02-11,Completed
387,Personnel Organizational Agenda,Appoint new EEOC and NLRB general counsels on Day One.,U.S. Department of Labor,Personnel Organizational Agenda,Completed,"EEOC (Feb. 4, 2025); NLRB (Feb. 3, 2025)",https://progressivereform.org/tracking-trump-2/project-2025-executive-action-tracker/,615,2026-02-11,Completed
388,Personnel Organizational Agenda,Implement a hiring freeze for career officials.,U.S. Department of Labor,Personnel Organizational Agenda,Completed,Presidential Memorandum (Jan. 28. 2025),https://progressivereform.org/tracking-trump-2/project-2025-executive-action-tracker/,615,2026-02-11,Completed
389,Grantmaking,Consolidate the number of DOT grants,U.S. Department of Transportation,Grantmaking,Completed,Various cuts (various dates),https://progressivereform.org/tracking-trump-2/project-2025-executive-action-tracker/,622,2026-02-11,Completed
390,Regulatory Approach,"Reinstate the Trump Administration’s “rule on rules” approach to regulations, implemented in late 2019 as RIN 2105-AE84",U.S. Department of Transportation,Regulatory Approach,Proposed,"Proposed Rule (May 16, 2025)",https://progressivereform.org/tracking-trump-2/project-2025-executive-action-tracker/,622,2026-02-11,In progress
391,BAB,"The Build America Bureau (BAB) should require that all project borrowers be rated at least investment grade by the major ratings agencies and that project sponsors remain liable to ensure that all financing is repaid, even in periods of financial stress and economic downturns",U.S. Department of Transportation,BAB,Not Initiated,,https://progressivereform.org/tracking-trump-2/project-2025-executive-action-tracker/,622,2026-02-11,Not initiated
392,BAB,"Require project sponsors to show that projects have positive economic value to taxpayers and guarantee that all federal financing be repaid through properly structured loan terms, including a minimum equity commitment from all project sponsors",U.S. Department of Transportation,BAB,Not Initiated,,https://progressivereform.org/tracking-trump-2/project-2025-executive-action-tracker/,622,2026-02-11,Not initiated
393,BAB,Require all project to show repayment ability in various interest rate environments,U.S. Department of Transportation,BAB,Not Initiated,,https://progressivereform.org/tracking-trump-2/project-2025-executive-action-tracker/,622,2026-02-11,Not initiated
394,BAB,The BAB should ensure that long-term loans are structured appropriately with regard to the fixing of interest rates and hedging of interest rate risk on the part of the borrowers,U.S. Department of Transportation,BAB,Not Initiated,,https://progressivereform.org/tracking-trump-2/project-2025-executive-action-tracker/,622,2026-02-11,Not initiated
395,BAB,Conduct a regular cost-benefit analysis of the federal government’s potential replacement and disintermediation of the private financing sector regarding infrastructure loans,U.S. Department of Transportation,BAB,Not Initiated,,https://progressivereform.org/tracking-trump-2/project-2025-executive-action-tracker/,623,2026-02-11,Not initiated
396,Automated Vehicles,The National Highway Traffic Safety Administration (NHTSA) should work to remove regulatory barriers by focusing on updating vehicle standards as well as publishing performance-based rules for the operations of AVs,U.S. Department of Transportation,Automated Vehicles,Completed,"Adding domestic AVs to regulatory exemption program (Apr. 24, 2025)",https://progressivereform.org/tracking-trump-2/project-2025-executive-action-tracker/,625,2026-02-11,Completed
397,Automated Vehicles,"The Federal Motor Carrier Safety Administration (FMCSA) should clarify regulations to align with DOT’s AV 3.0 guidance, which would allow the drivers to be safely removed from the operations of a commercial motor vehicle",U.S. Department of Transportation,Automated Vehicles,Not Initiated,,https://progressivereform.org/tracking-trump-2/project-2025-executive-action-tracker/,625,2026-02-11,Not initiated
398,Automated Vehicles,Reverse DOT's pivot to mandating data collection and publication through a Standing General Order related to AVs,U.S. Department of Transportation,Automated Vehicles,Completed,"""Trump’s Transportation Secretary Sean P. Duffy Unveils New Automated Vehicle Framework as Part of Innovation Agenda"" Press Release (April 24, 2025)",https://progressivereform.org/tracking-trump-2/project-2025-executive-action-tracker/,625,2026-02-11,Completed
399,Fuel Economy Standards,Reduce proposed fuel economy levels to the minimum average fuel economy levels specified by Congress for model year 2020 vehicles: levels aimed at achieving a fleet-wide average of 35 miles per gallon,U.S. Department of Transportation,Fuel Economy Standards,Completed,"OBBBA Eliminates Civil NonCompliance Penalties (Jul. 4, 2025)",https://progressivereform.org/tracking-trump-2/project-2025-executive-action-tracker/,628,2026-02-11,Completed
400,Fuel Economy Standards,DOT should exercise priority over the EPA in the setting of fuel economy standards,U.S. Department of Transportation,Fuel Economy Standards,Initiated/Attempted,"EPA proposed to rescind all existing automobile greenhouse gas standards, which would leave DOT with the sole role of setting fuel economy standards (August 1, 2025)",https://progressivereform.org/tracking-trump-2/project-2025-executive-action-tracker/,628,2026-02-11,In progress
401,Fuel Economy Standards,Revoke the special waiver granted to California by the Biden Administration that permits the California Air Resources Board (CARB) to issue its own fuel economy directives under the Clean Air Act,U.S. Department of Transportation,Fuel Economy Standards,Completed,"Congressional Review Act revocation (May 22, 2025)",https://progressivereform.org/tracking-trump-2/project-2025-executive-action-tracker/,629,2026-02-11,Completed
402,FHWA,Refocus the Federal Highway Administration (FHWA) on maintaining and improving the highway system,U.S. Department of Transportation,FHWA,Completed,"""National Performance Management Measures; Assessing Performance of the National Highway System, Greenhouse Gas Emissions Measure"" Direct Final Rule (April 18, 2025)",https://progressivereform.org/tracking-trump-2/project-2025-executive-action-tracker/,629,2026-02-11,Completed
403,Aviation,Restore the Trump Administration's “unfair and deceptive practices” rules on aviation consumer protection,U.S. Department of Transportation,Aviation,Proposed,"Department of Transportation proposal on ""Procedures in Regulating and Enforcing Unfair or Deceptive Practices"" (Oct. 30, 2025)",https://progressivereform.org/tracking-trump-2/project-2025-executive-action-tracker/,630,2026-02-11,In progress
404,Aviation,"Support joint venture efforts by smaller carriers (for example, Jet Blue and Spirit) to achieve scale necessary to reduce costs and compete more effectively with the larger carriers",U.S. Department of Transportation,Aviation,Completed,"JetBlue and United JV (Jul 30, 2025)",https://progressivereform.org/tracking-trump-2/project-2025-executive-action-tracker/,630,2026-02-11,Completed
405,Aviation,"Review foreign ownership and control limitations and, if necessary, work with Congress to change existing statutes",U.S. Department of Transportation,Aviation,Not Initiated,,https://progressivereform.org/tracking-trump-2/project-2025-executive-action-tracker/,630,2026-02-11,Not initiated
406,Aviation,Use the Committee on Foreign Investment in the United States (CFIUS) process to keep out foreign actors while allowing investment from investors in designated like-minded countries so long as U.S.-based investors maintain plurality ownership,U.S. Department of Transportation,Aviation,Completed,"America First Investment Policy (Feb. 21, 2025)",https://progressivereform.org/tracking-trump-2/project-2025-executive-action-tracker/,631,2026-02-11,Completed
407,Aviation,Establish a New Entry Initiative that commits the federal government to approving or rejecting the applications of new air carriers within 12 months,U.S. Department of Transportation,Aviation,Not Initiated,,https://progressivereform.org/tracking-trump-2/project-2025-executive-action-tracker/,631,2026-02-11,Not initiated
408,Aviation,"Initiate a rulemaking to allocate slot-pairs more consistently to airlines at capacity-controlled airports on the primary basis of safety, maximizing capacity, and competition",U.S. Department of Transportation,Aviation,Not Initiated,,https://progressivereform.org/tracking-trump-2/project-2025-executive-action-tracker/,631,2026-02-11,Not initiated
409,Aviation,Require pilots to have fewer flight hours or count certified simulator training to combat the pilot shortage,U.S. Department of Transportation,Aviation,Not Initiated,,https://progressivereform.org/tracking-trump-2/project-2025-executive-action-tracker/,631,2026-02-11,Not initiated
410,Aviation,"So long as U.S. carriers are not able to fly over Russian airspace, forbid foreign carriers serving markets in East Asia and South Asia from enjoying a competitive advantage by continuing to allow them to fly to the U.S. Do not offer additional negotiations until the Chinese implement the agreements they have already signed",U.S. Department of Transportation,Aviation,Proposed,"Department of Transportation proposed ""2025-10-3 Order to Show Cause Proposing to Condition Certain Foreign Air Carrier Permits and Exemption"" (Oct. 9, 2025)",https://progressivereform.org/tracking-trump-2/project-2025-executive-action-tracker/,631,2026-02-11,In progress
411,Aviation,"Establish an interagency clearinghouse to drive consistent policies across the government on spectrum, drones, and advanced air mobility",U.S. Department of Transportation,Aviation,Completed,"Executive Order 14307 (Jun 6, 2025)",https://progressivereform.org/tracking-trump-2/project-2025-executive-action-tracker/,632,2026-02-11,Completed
412,FAA,Promote the FAA’s top executive team from within and require strict professional requirements for its top appointees,U.S. Department of Transportation,FAA,Initiated/Attempted,"Several, but not all, of the Key Officials at FAA seem to meet these criteria",https://progressivereform.org/tracking-trump-2/project-2025-executive-action-tracker/,633,2026-02-11,In progress
413,Transit Policy,"Ensure that each Capital Investment Grants (CIG) project meets sound economic standards and a rigorous cost-benefit analysis, at a minimum",U.S. Department of Transportation,Transit Policy,Completed,"Final policy guidance (Nov. 12, 2025)",https://progressivereform.org/tracking-trump-2/project-2025-executive-action-tracker/,635,2026-02-11,Completed
414,Railroad Policy,Review FRA’s Notice of Proposed Rulemaking (NPRM) on crew size,U.S. Department of Transportation,Railroad Policy,Not Initiated,,https://progressivereform.org/tracking-trump-2/project-2025-executive-action-tracker/,636,2026-02-11,Not initiated
415,Railroad Policy,Amend FRA's 50-year-old track inspection requirements to adopt a modern inspection program that takes advantage of technological ways to inspect track,U.S. Department of Transportation,Railroad Policy,Not Initiated,,https://progressivereform.org/tracking-trump-2/project-2025-executive-action-tracker/,636,2026-02-11,Not initiated
416,Railroad Policy,Take final action on the rulemaking proceeding that would modernize brake inspection requirements by taking advantage of the ability to track brake inspections on rolling stock electronically instead of by using paper air brake slips,U.S. Department of Transportation,Railroad Policy,Proposed,"Proposed Rule on Brake System Maintenance and Inspection (Jul. 1, 2025)",https://progressivereform.org/tracking-trump-2/project-2025-executive-action-tracker/,636,2026-02-11,In progress
417,Railroad Policy,Review proposed certification requirements for dispatchers and signal employees,U.S. Department of Transportation,Railroad Policy,Completed,"""FRA pauses dispatcher, signal worker certification rule"" Industry News Item (March 18, 2025) [formal Federal Register notice due]",https://progressivereform.org/tracking-trump-2/project-2025-executive-action-tracker/,637,2026-02-11,Completed
418,Railroad Policy,Review proposed emergency escape breathing apparatus requirements,U.S. Department of Transportation,Railroad Policy,Proposed,"Extension of Compliance Dates (Aug. 7, 2025)",https://progressivereform.org/tracking-trump-2/project-2025-executive-action-tracker/,637,2026-02-11,In progress
419,Railroad Policy,FRA decision-making on where to spend its research dollars should be solely on the merits of improving the safety and efficiency of the railroad industry,U.S. Department of Transportation,Railroad Policy,Not Initiated,,https://progressivereform.org/tracking-trump-2/project-2025-executive-action-tracker/,637,2026-02-11,Not initiated
420,Employee Benefits,"Rescind all clinical directives that are contrary to principles of conservative governance, including abortion services and gender reassignment surgeries",U.S. Department of Veterans Affairs,Employee Benefits,Completed,VA to phase out treatment for gender dysphoria,https://progressivereform.org/tracking-trump-2/project-2025-executive-action-tracker/,644,2026-02-11,Completed
421,Budget Organizational Agenda,"Require the VA to publicly report on quality, safety, patient experience, and timeliness of care using Medicare-like standards.",U.S. Department of Veterans Affairs,Budget Organizational Agenda,Not Initiated,,https://progressivereform.org/tracking-trump-2/project-2025-executive-action-tracker/,646,2026-02-11,Not initiated
422,Personnel Organizational Agenda,"Improve the veteran experience with VA benefits by addressing the complexity of the system and delays in the disability claims process, leveraging private-sector technology to streamline claims adjudication, implementing an ""Express 30"" pilot for faster initial claims processing, and hiring private firms to reduce exam delays.",U.S. Department of Veterans Affairs,Personnel Organizational Agenda,Initiated/Attempted,"The New VA Budget Pushes to Privatize Care, Risking the Veterans Health System",https://progressivereform.org/tracking-trump-2/project-2025-executive-action-tracker/,649,2026-02-11,In progress
423,Personnel Organizational Agenda,"Reform the VBA's Human Capital Management process to create a more blended workforce, using contractors to handle claims processing and freeing federal employees for final benefit decisions",U.S. Department of Veterans Affairs,Personnel Organizational Agenda,Initiated/Attempted,VA walks back plans for mass layoffs but will still lose tens of thousands of jobs,https://progressivereform.org/tracking-trump-2/project-2025-executive-action-tracker/,650,2026-02-11,In progress
424,Personnel Organizational Agenda,Rescind all delegations of authority made by the VA under the prior administration and transfer all career Senior Executive Service (SES) employees from politically appointed positions (PA/PAS) to ensure political control of the VA.,U.S. Department of Veterans Affairs,Personnel Organizational Agenda,Initiated/Attempted,Trump to convert some top career roles to political appointments and evaluate execs on adherence to president’s agenda,https://progressivereform.org/tracking-trump-2/project-2025-executive-action-tracker/,651,2026-02-11,In progress
425,Budget Organizational Agenda,"Political appointees must also monitor internal CFO operations
down to the operating division level to ensure that funds are not being diverted to programs that do not align with Administration priorities",U.S. Department of Commerce,Budget Organizational Agenda,Initiated/Attempted,"News: Commerce Department Freezes Contracts, NOAA's Hangs Get Tied Even Tighter",https://progressivereform.org/tracking-trump-2/project-2025-executive-action-tracker/,665,2026-02-11,In progress
426,Regulatory Policy and Oversight,All advisory committees should be reviewed regarding whether they are required by statute and abolished if they are not.,U.S. Department of Commerce,Regulatory Policy and Oversight,Initiated/Attempted,Notice of termination of 14 Discretionary Federal Advisory Committees.,https://progressivereform.org/tracking-trump-2/project-2025-executive-action-tracker/,666,2026-02-11,In progress
427,Trade,"Re-establish and expand suspended in-person pandemic-related
 erifications, particularly regarding the People’s Republic of China. Ensure that verifications are rigorous.",U.S. Department of Commerce,Trade,Initiated/Attempted,News: Administration Heightens Enforcement Focus on Tariff Evasion & ‘Transshipment’,https://progressivereform.org/tracking-trump-2/project-2025-executive-action-tracker/,667,2026-02-11,In progress
428,Trade,"Implement advanced analytics and artificial intelligence to identify
opportunities for self-initiation, detect circumvention, and prevent bad
actors from gaming the system",U.S. Department of Commerce,Trade,Not Initiated,,https://progressivereform.org/tracking-trump-2/project-2025-executive-action-tracker/,667,2026-02-11,Not initiated
429,Trade,"Work, pursuant to the above, with interagency partners in AD/CVD cases to
either require foreign importers of record (IORs) to make cash deposits far in
excess of established duty rates at the time of entry of AD/CVD merchandise,
require IORs to register sufficient U.S. assets to ensure timely payment of
duties, or otherwise prohibit IORs from importing AD/CVD merchandise.",U.S. Department of Commerce,Trade,Proposed,America First Trade Policy,https://progressivereform.org/tracking-trump-2/project-2025-executive-action-tracker/,668,2026-02-11,In progress
430,Trade,"Reverse the practice of giving the benefit of the doubt to foreign companies
versus U.S. companies in AD/CVD proceedings.",U.S. Department of Commerce,Trade,Proposed,America First Trade Policy,https://progressivereform.org/tracking-trump-2/project-2025-executive-action-tracker/,668,2026-02-11,In progress
431,Trade,"Establish a policy for addressing companies that invest heavily in the U.S.
and thus have large import volumes, exposing them to AD/CVD petitions",U.S. Department of Commerce,Trade,Proposed,America First Trade Policy,https://progressivereform.org/tracking-trump-2/project-2025-executive-action-tracker/,668,2026-02-11,In progress
432,Trade,"Establish an elective, fair, and objective process for self-initiation of AD/
CVD proceedings when industry lacks the resources or ability to act.",U.S. Department of Commerce,Trade,Proposed,America First Trade Policy,https://progressivereform.org/tracking-trump-2/project-2025-executive-action-tracker/,668,2026-02-11,In progress
433,China,Revive the China-specific non-market economy unit.,U.S. Department of Commerce,China,Not Initiated,,https://progressivereform.org/tracking-trump-2/project-2025-executive-action-tracker/,668,2026-02-11,Not initiated
434,China,"Develop a new methodology to determine normal values in Chinese antidumping cases because—given China’s size, economic might, and state intervention in the economy—there is no comparable surrogate country to use as a proxy for production costs",U.S. Department of Commerce,China,Not Initiated,,https://progressivereform.org/tracking-trump-2/project-2025-executive-action-tracker/,669,2026-02-11,Not initiated
435,Technology,"The Bureau of Industry and Security (BIS) should create an open, transparent rulemaking process by which any industry participant, private entity, or branch of the government may, at any time, submit nominations for emerging/foundational technologies for control.",U.S. Department of Commerce,Technology,Not Initiated,,https://progressivereform.org/tracking-trump-2/project-2025-executive-action-tracker/,672,2026-02-11,Not initiated
436,Trade,Eliminate the “specially designed” licensing loophole,U.S. Department of Commerce,Trade,Not Initiated,,https://progressivereform.org/tracking-trump-2/project-2025-executive-action-tracker/,673,2026-02-11,Not initiated
437,Trade,"Redesignate China and Russia to more highly prohibitive export licensing
groups (country groups D or E)",U.S. Department of Commerce,Trade,Not Initiated,,https://progressivereform.org/tracking-trump-2/project-2025-executive-action-tracker/,673,2026-02-11,Not initiated
438,Trade,Eliminate license exceptions,U.S. Department of Commerce,Trade,Not Initiated,,https://progressivereform.org/tracking-trump-2/project-2025-executive-action-tracker/,673,2026-02-11,Not initiated
439,Trade,"Reduce the de minimis threshold from 25 percent to 10 percent—or 0
percent for critical technologies",U.S. Department of Commerce,Trade,Not Initiated,,https://progressivereform.org/tracking-trump-2/project-2025-executive-action-tracker/,673,2026-02-11,Not initiated
440,Trade,"Tighten the deemed export rules to prevent technology transfer to
foreign nationals from countries of concern;",U.S. Department of Commerce,Trade,Not Initiated,,https://progressivereform.org/tracking-trump-2/project-2025-executive-action-tracker/,673,2026-02-11,Not initiated
441,Trade,"Eliminate license exceptions for sharing technology with controlled
entities/countries through standards-setting “activities” and bodies",U.S. Department of Commerce,Trade,Not Initiated,,https://progressivereform.org/tracking-trump-2/project-2025-executive-action-tracker/,673,2026-02-11,Not initiated
442,Trade,BIS must add more entities to the Entity List (compilation of foreign individuals/companies/organizations deemened a national security concern) and apply a license review “policy of denial” that prohibits exports to these entities.,U.S. Department of Commerce,Trade,Not Initiated,,https://progressivereform.org/tracking-trump-2/project-2025-executive-action-tracker/,674,2026-02-11,Not initiated
443,Trade,"Entity List parties that violate export controls should be placed on the BIS
Denied Persons List and, if the violations are significant enough, they should also be sanctioned by the Department of Treasury",U.S. Department of Commerce,Trade,Not Initiated,,https://progressivereform.org/tracking-trump-2/project-2025-executive-action-tracker/,674,2026-02-11,Not initiated
444,Technology,"DOC should draft and implement an executive order (EO)
based on the International Emergency Economic Powers Act, which expands export control authority beyond ECRA’s scope  -- EO should establish
a framework for the types of personal data subject to export controls and licensing policy by country, and the BIS should implement the EO through regulations",U.S. Department of Commerce,Technology,Initiated/Attempted,"Fact Sheet: President Donald J. Trump Declares National Emergency to Increase our Competitive Edge, Protect our Sovereignty, and Strengthen our National and Economic Security",https://progressivereform.org/tracking-trump-2/project-2025-executive-action-tracker/,674,2026-02-11,In progress
445,Technology,"BIS should designate app providers (such as WeChat and
ByteDance/TikTok) known for undermining U.S. national security through data
collection, surveillance, and influence operations, to the Entity List",U.S. Department of Commerce,Technology,Not Initiated,,https://progressivereform.org/tracking-trump-2/project-2025-executive-action-tracker/,674,2026-02-11,Not initiated
446,Technology,NOAA should be broken up and downsized -- the National Weather Service should fully commercialize its forcasting operations,U.S. Department of Commerce,Technology,Initiated/Attempted,"News: The US agency that monitors weather will cut another 1,000 jobs, AP sources say;",https://progressivereform.org/tracking-trump-2/project-2025-executive-action-tracker/,675,2026-02-11,In progress
447,Technology,Commercialization of weather technologies should be prioritized to ensure that taxpayer dollars are invested in the most cost-efficient technologies for high quality research and weather data,U.S. Department of Commerce,Technology,Initiated/Attempted,NOAA seeks more money and flexibility for commercial weather data program,https://progressivereform.org/tracking-trump-2/project-2025-executive-action-tracker/,675,2026-02-11,In progress
448,Technology,"Data collected by the National Hurricane Center and the National Environmental Satellite Service should be presented neutrally, without adjustments intended to support any one side in the climate debate",U.S. Department of Commerce,Technology,Initiated/Attempted,"News: Trump officials signal potential changes at NOAA, the weather and climate agency",https://progressivereform.org/tracking-trump-2/project-2025-executive-action-tracker/,675,2026-02-11,In progress
449,Oceans and Water,Transfer National Ocean Service Survey Functions to the U.S. Coast Guard and the U.S. Geological Survey,U.S. Department of Commerce,Oceans and Water,Not Initiated,,https://progressivereform.org/tracking-trump-2/project-2025-executive-action-tracker/,676,2026-02-11,Not initiated
450,Oceans and Water,"Harmonize the Magnuson–Stevens Act with the National Marine Sanctuaries
Act",U.S. Department of Commerce,Oceans and Water,Initiated/Attempted,EO: UNLEASHING AMERICAN COMMERCIAL FISHING IN THE PACIFIC,https://progressivereform.org/tracking-trump-2/project-2025-executive-action-tracker/,676,2026-02-11,In progress
451,Oceans and Water,Withdraw the 30x30 Executive Order and Associated America the Beautiful Initiative,U.S. Department of Commerce,Oceans and Water,Initiated/Attempted,EO: INITIAL RESCISSIONS OF HARMFUL EXECUTIVE ORDERS AND ACTIONS,https://progressivereform.org/tracking-trump-2/project-2025-executive-action-tracker/,676,2026-02-11,In progress
452,Oceans and Water,Allow a NEPA exemption for fisheries actions to reduce redundancy within requirements,U.S. Department of Commerce,Oceans and Water,Initiated/Attempted,Final EIS: Consideration of Exempted Fishing Permits for Testing Fishing Practices to Target Swordfish and Other Marketable Highly Migratory Species in the United States West Coast Exclusive Economic Zone,https://progressivereform.org/tracking-trump-2/project-2025-executive-action-tracker/,676,2026-02-11,In progress
453,Oceans and Water,Break up the Office of Marine and Aviation Operatins and reassign its assets to other agencies or to the General Services Administration,U.S. Department of Commerce,Oceans and Water,Not Initiated,,https://progressivereform.org/tracking-trump-2/project-2025-executive-action-tracker/,677,2026-02-11,Not initiated
454,Trade,"Executive order to direct the Office of Space Commerce, working
with the National Space Council, to establish a whole-of-government policy for
licensing and oversight of commercial space operations.",U.S. Department of Commerce,Trade,Completed,EO: Enabling Competition in the Space Industry,https://progressivereform.org/tracking-trump-2/project-2025-executive-action-tracker/,677,2026-02-11,Completed
455,Census,Add a citizenship question to the 2030 census,U.S. Department of Commerce,Census,Initiated/Attempted,Census Bureau plans to use survey with a citizenship question in its test for 2030,https://progressivereform.org/tracking-trump-2/project-2025-executive-action-tracker/,680,2026-02-11,In progress
456,Census,"Review forthcoming changes to the census' race and ethnicity questions, and revevaluate all questions overall",U.S. Department of Commerce,Census,Proposed,Trump official signals potential rollback of changes to census racial categories,https://progressivereform.org/tracking-trump-2/project-2025-executive-action-tracker/,680,2026-02-11,In progress
457,Census,"The Commerce Secretary should abolish the Census Bureau National Advisory Committee on Racial, Ethnic, and Other Populations (NAC)",U.S. Department of Commerce,Census,Completed,Notice of Termination of 14 Discretionary Federal Advisory Committees,https://progressivereform.org/tracking-trump-2/project-2025-executive-action-tracker/,682,2026-02-11,Completed
458,Economics,"If it's not possible to abolish the EDA: consolidate decision-making to the Assistant Secretary’s office to better align funding with conservative political purposes, leverage the direct hire authorities established in the Trump
Administration for special initiatives or disaster/recovery funding, continue disastr funding with better coordination, build on the Opportunity Zones to incentivize private sector investment in distressed communities",U.S. Department of Commerce,Economics,Initiated/Attempted,Statement from U.S. Secretary of Commerce Howard Lutnick on the Tech Hubs Program,https://progressivereform.org/tracking-trump-2/project-2025-executive-action-tracker/,683,2026-02-11,In progress
459,Economics,Establish MBDA as a data and research clearinghouse for minority business enterprises and policymakers,U.S. Department of Commerce,Economics,Initiated/Attempted,EO: CONTINUING THE REDUCTION OF THE FEDERAL BUREAUCRACY,https://progressivereform.org/tracking-trump-2/project-2025-executive-action-tracker/,685,2026-02-11,In progress
460,Patents and Trademarks,"Re-examine patent eligibility requirements in Section 101 of the Patent Act
and support internal and/or legislative reforms to enable U.S. leadership
in critical and emerging technologies such as quantum computing, 5G, and
artificial intelligence",U.S. Department of Commerce,Patents and Trademarks,Proposed,Reminders on evaluating subject matter eligibility of claims under 35 U.S.C. 101,https://progressivereform.org/tracking-trump-2/project-2025-executive-action-tracker/,685,2026-02-11,In progress
461,Patents and Trademarks,"Oppose efforts to provide intellectual property waivers for cutting-edge
technologies, including for COVID-19 vaccines and therapeutics, through
the World Trade Organization’s Trade-Related Aspects of Intellectual
Property Rights agreement or any other mechanism",U.S. Department of Commerce,Patents and Trademarks,Proposed,US Trade Represenative 2025 Trade Policy Agenda,https://progressivereform.org/tracking-trump-2/project-2025-executive-action-tracker/,685,2026-02-11,In progress
462,Technology,"Privatize the Hollings Manufacturing Extension Partnership, a network of centers located in all 50 States and Puerto Rico, and is a source of trusted advice about new technologies, production techniques and business management practices.",U.S. Department of Commerce,Technology,Initiated/Attempted,"Administration moves to eliminate federal MEP program, sources indicate",https://progressivereform.org/tracking-trump-2/project-2025-executive-action-tracker/,686,2026-02-11,In progress
463,Technology,Transfer maintenance and operation of the Baldridge Performance Excellence Program to the  Baldridge Award Foundation to be run by non-government staff via fees.,U.S. Department of Commerce,Technology,Completed,Transition of the Baldrige Performance Excellence Program,https://progressivereform.org/tracking-trump-2/project-2025-executive-action-tracker/,686,2026-02-11,Completed
464,Technology,The National Institute of Standards and Technology should reinvigorate the Technology Transfer and ROI (return on investment) initiatives begun under the Trump Administration.,U.S. Department of Commerce,Technology,Not Initiated,,https://progressivereform.org/tracking-trump-2/project-2025-executive-action-tracker/,686,2026-02-11,Not initiated
465,Technology,"The National Telecommunications and Information agency (NTIA) must fully
implement the Trump Administration’s Information and Communications
Technology and Services (ICTS) Executive Order authorities in a way
that ensures long-term success and the legal viability of this new national
security tool",U.S. Department of Commerce,Technology,Proposed,White House America First Trade Polilcy,https://progressivereform.org/tracking-trump-2/project-2025-executive-action-tracker/,687,2026-02-11,In progress
466,Technology,"Reevaluate broadband grant programs and, when possible, establish Administration priorities in how each grant is structured",U.S. Department of Commerce,Technology,Completed,Cancellation of the Digital Equity Act Grant Programs,https://progressivereform.org/tracking-trump-2/project-2025-executive-action-tracker/,688,2026-02-11,Completed
467,Technology,Evaluate the performance and long-term value proposition of FirstNet in view of modern technologies that will render it obsolete.,U.S. Department of Commerce,Technology,Not Initiated,,https://progressivereform.org/tracking-trump-2/project-2025-executive-action-tracker/,688,2026-02-11,Not initiated
468,Tax Policy and Regulations,"Congress or the President should create an oversight board composed of private sector IT experts should be established and given the authority to conduct meaningful, contemporaneous oversight",U.S. Department of the Treasury,Tax Policy and Regulations,Not Initiated,,https://progressivereform.org/tracking-trump-2/project-2025-executive-action-tracker/,700,2026-02-11,Not initiated
469,Taxpayer Rights and Privacy,Require the IRS to address the NTA's comments in final rules and including the National Taxpayer Advocate (NTA) in deliberations prior to the release of a proposed rule.,U.S. Department of the Treasury,Taxpayer Rights and Privacy,Not Initiated,,https://progressivereform.org/tracking-trump-2/project-2025-executive-action-tracker/,700,2026-02-11,Not initiated
470,International Tax Policy and Regulations,The Treasury Department should withdraw from Senate consideration the Protocol Amending the Convention on Mutual Administrative Assistance in Tax Matters.,U.S. Department of the Treasury,International Tax Policy and Regulations,Not Initiated,,https://progressivereform.org/tracking-trump-2/project-2025-executive-action-tracker/,701,2026-02-11,Not initiated
471,International Tax Policy and Regulations,The U.S. should withdraw from both the World Bank and the IMF and terminate its financial contribution to both institutions.,U.S. Department of the Treasury,International Tax Policy and Regulations,Not Initiated,,https://progressivereform.org/tracking-trump-2/project-2025-executive-action-tracker/,702,2026-02-11,Not initiated
472,Taxpayer Rights and Privacy,"To promote transparency of finances, each year Americans should receive a
financial statement of the U.S. government alerting citizens of the revenues, expenditures, deficit, and debt for the preceding fiscal year.",U.S. Department of the Treasury,Taxpayer Rights and Privacy,Not Initiated,,https://progressivereform.org/tracking-trump-2/project-2025-executive-action-tracker/,702,2026-02-11,Not initiated
473,Geopolitical Oversight,Treasury should examine creating a school of financial warfare jointly with DOD.,U.S. Department of the Treasury,Geopolitical Oversight,Not Initiated,,https://progressivereform.org/tracking-trump-2/project-2025-executive-action-tracker/,704,2026-02-11,Not initiated
474,DEI,"Identify every Treasury official who participated in DEI initiatives and
interview him or her for the purpose of determining the scope and nature of
these initiatives and to ensure that such initiatives are completely ended.",U.S. Department of the Treasury,DEI,Initiated/Attempted,"E.g., Executive Order ""Ending Illegal Discrimination and Restoring Merit-Based Opportunity"" (Jan. 21, 2025)",https://progressivereform.org/tracking-trump-2/project-2025-executive-action-tracker/,708,2026-02-11,In progress
475,DEI,The Administration should eliminate the 25-member Treasury Advisory Committee on Racial Equity.,U.S. Department of the Treasury,DEI,Initiated/Attempted,"E.g., Executive Order ""Ending Illegal Discrimination and Restoring Merit-Based Opportunity"" (Jan. 21, 2025)",https://progressivereform.org/tracking-trump-2/project-2025-executive-action-tracker/,708,2026-02-11,In progress
476,DEI,"Expose and make public all training materials and initiatives designed to single out any race, ethnicity, or sex for special treatment.",U.S. Department of the Treasury,DEI,Initiated/Attempted,"E.g., Executive Order ""Ending Illegal Discrimination and Restoring Merit-Based Opportunity"" (Jan. 21, 2025)",https://progressivereform.org/tracking-trump-2/project-2025-executive-action-tracker/,708,2026-02-11,In progress
477,Climate-related Risks,"Next administration should reverse support for international public- (and private-) based efforts promoting Environmental, Social, and Governance and Principles for Responsible Investment.",U.S. Department of the Treasury,Climate-related Risks,Initiated/Attempted,"E.g., Trump Administration to Overturn Rule Allowing Retirement Plans to Consider ESG Factors",https://progressivereform.org/tracking-trump-2/project-2025-executive-action-tracker/,709,2026-02-11,In progress
478,Monetary Policy Reform,"Curb the Federal Reserve's ""lender-of-last resort"" (LOLR) function, encouraging banks to engage in more conservative lending practices.",U.S. Federal Reserve,Monetary Policy Reform,Not Initiated,,https://progressivereform.org/tracking-trump-2/project-2025-executive-action-tracker/,733,2026-02-11,Not initiated
479,Monetary Policy Reform,The Federal Reserve should be precluded from any future purchases of mortgage-backed securities (MBS) and should wind down its holdings either by selling off the assets or by allowing them to mature without replacement.,U.S. Federal Reserve,Monetary Policy Reform,Not Initiated,,https://progressivereform.org/tracking-trump-2/project-2025-executive-action-tracker/,735,2026-02-11,Not initiated
480,Oversight,Effectively abolish the Fed in its current form and restrict the Department of the Treasury to handling the government's money.,U.S. Federal Reserve,Oversight,Proposed,"GOP Lawmakers Unveil Bill to ""End the Fed""",https://progressivereform.org/tracking-trump-2/project-2025-executive-action-tracker/,736,2026-02-11,In progress
481,Monetary Policy Reform,"Eliminate ""full employment"" from the Federal Reserve's ""dual mandate,"" requiring it to focus on price stability alone.",U.S. Federal Reserve,Monetary Policy Reform,Not Initiated,,https://progressivereform.org/tracking-trump-2/project-2025-executive-action-tracker/,740,2026-02-11,Not initiated
482,Monetary Policy Reform,"Focus any regulatory activities on maintaining bank capital adequacy, minimizing the Federal Reserve's incorporation of environmental, social, and governance factors into its mandate.",U.S. Federal Reserve,Monetary Policy Reform,Initiated/Attempted,"Press Release, Federal Reserve Board Announces It Has Withdrawn From the Network of Central Banks and Supervisors for Greening the Financial System (Jan. 17, 2025)",https://progressivereform.org/tracking-trump-2/project-2025-executive-action-tracker/,740,2026-02-11,In progress
483,Oversight,"Appoint a commission to explore the mission of the Federal Reserve, alternatives to the Federal Reserve system, and the nation's financial regulatory apparatus.",U.S. Federal Reserve,Oversight,Not Initiated,,https://progressivereform.org/tracking-trump-2/project-2025-executive-action-tracker/,741,2026-02-11,Not initiated
484,Monetary Policy Reform,Prevent the institution of a central bank digital currency (CBDC).,U.S. Federal Reserve,Monetary Policy Reform,Completed,"Executive Order, Strenthening American Leadership in Digital Financial Technology (Jan. 23, 2025)",https://progressivereform.org/tracking-trump-2/project-2025-executive-action-tracker/,741,2026-02-11,Completed
485,Accountability and managerial practice,Review all internal government watchdog recommendations and require that SBA management implement or address outstanding and ongoing OIG and GAO recommendations within a specified time frame (ideally within 90 days of a recommendation) and on an ongoing basis.,U.S. Small Business Administration,Accountability and managerial practice,Proposed,U.S. Small Business Administration Office of Inspector General - Open Recommendations,https://progressivereform.org/tracking-trump-2/project-2025-executive-action-tracker/,751,2026-02-11,In progress
486,Strengthening the Office of Advocacy,Explicitly direct federal agencies to comply with the RFA.,U.S. Small Business Administration,Strengthening the Office of Advocacy,Completed,SBA Launches Center for Faith,https://progressivereform.org/tracking-trump-2/project-2025-executive-action-tracker/,752,2026-02-11,Completed
487,Eligibility of Religious Entities for SBA Loans,Finalize the Trump Administration’s proposed rule to replace SBA Form 1971 or publish its own updated proposed rule to remove the unconstitutional regulations.,U.S. Small Business Administration,Eligibility of Religious Entities for SBA Loans,Completed,Form not avaible,https://progressivereform.org/tracking-trump-2/project-2025-executive-action-tracker/,755,2026-02-11,Completed
488,Small Business Innovation Research and Small Business Technology Transfer Programs,Ensure the enactment of stricter rules requiring that SBIR funds must be expended on capital investments in the United States.,U.S. Small Business Administration,Small Business Innovation Research and Small Business Technology Transfer Programs,Not Initiated,,https://progressivereform.org/tracking-trump-2/project-2025-executive-action-tracker/,755,2026-02-11,Not initiated
489,Domestic Manufacturing and Small Business,"Reform the Small Business Investment Company (SBIC) program
to refocus its support on small businesses rather than technology
startups only.",U.S. Small Business Administration,Domestic Manufacturing and Small Business,Initiated/Attempted,Small Business Investment Company (SBIC) Regulatory Amendments,https://progressivereform.org/tracking-trump-2/project-2025-executive-action-tracker/,756,2026-02-11,In progress
490,Entrepreneurial Capital Formation,Allow traditional self-certification of accredited investor status for all Regulation D Rule 506 offerings.,U.S. Financial Regulatory Agencies,Entrepreneurial Capital Formation,Initiated/Attempted,"E.g., SEC No-Action Letter Opens the Door Wider on Rule 506(c) Offerings",https://progressivereform.org/tracking-trump-2/project-2025-executive-action-tracker/,831,2026-02-11,In progress
491,Better Capital Markets,"Oppose efforts to redefine the purpose of business in the name of social
justice; corporate social responsibility (CSR); stakeholder theory;
environmental, social, and governance (ESG) criteria; socially responsible
investing (SRI); sustainability; diversity; business ethics; or common-
good capitalism.",U.S. Financial Regulatory Agencies,Better Capital Markets,Initiated/Attempted,"E.g., SEC withdraws defense of climate-risk disclosure rule; Trump Administration To Overturn Rule Allowing Retirement Plans to Consider ESG Factors",https://progressivereform.org/tracking-trump-2/project-2025-executive-action-tracker/,832,2026-02-11,In progress
492,SEC Administration,"Eliminate all administrative proceedings (APs) within the SEC except
for stop orders related to defective registration statements. The SEC
enforcement system does not need to have both district court cases and
APs. Alternatively, respondents should be allowed to elect whether an
adjudication occurs in the SEC’s administrative law court or an ordinary
Article III federal court.",U.S. Financial Regulatory Agencies,SEC Administration,Initiated/Attempted,"E.g., DOJ Withdraws Defense of SEC ALJ's Constitutionality;",https://progressivereform.org/tracking-trump-2/project-2025-executive-action-tracker/,833,2026-02-11,In progress
493,SEC Administration,"End the practice of delegating the decision to initiate an enforcement case.
The SEC Chairman—and possibly the U.S. Government Accountability
Office (GAO)—should study whether other Commission delegation of
authority to staff should be narrowed and whether sunsetting of such
delegation of authority should be required.",U.S. Financial Regulatory Agencies,SEC Administration,Completed,"Delegation of Authority to Director of the Division of Enforcement, 90 Fed. Reg. 12105 (Mar. 14, 2025)",https://progressivereform.org/tracking-trump-2/project-2025-executive-action-tracker/,833,2026-02-11,Completed
494,SEC Administration,"Statutorily limit the time for an investigation to two years with no
extensions. Long investigations harm private parties and the quality of
justice. With adequate management processes, the SEC should not need
more than two years even for complicated matters.",U.S. Financial Regulatory Agencies,SEC Administration,Not Initiated,,https://progressivereform.org/tracking-trump-2/project-2025-executive-action-tracker/,833,2026-02-11,Not initiated
495,SEC Administration,Dramatically reduce the number of direct reports to the SEC Chairman.,U.S. Financial Regulatory Agencies,SEC Administration,Completed,"E.g., Some Federal Agencies Offer Staff $25,000 or More to Quit; SEC Aims to Fill Roles Vacated During Trump-Era Staff Departures",https://progressivereform.org/tracking-trump-2/project-2025-executive-action-tracker/,833,2026-02-11,Completed
496,SEC Administration,Merge SEC offices that are performing similar functions.,U.S. Financial Regulatory Agencies,SEC Administration,Completed,"E.g., SEC Restructuring Regional Offices to ‘Improve Efficiency, Management and Oversight’",https://progressivereform.org/tracking-trump-2/project-2025-executive-action-tracker/,833,2026-02-11,Completed
497,SEC Administration,Reduce the number of managers per employee.,U.S. Financial Regulatory Agencies,SEC Administration,Completed,"E.g., Some Federal Agencies Offer Staff $25,000 or More to Quit; SEC Aims to Fill Roles Vacated During Trump-Era Staff Departures",https://progressivereform.org/tracking-trump-2/project-2025-executive-action-tracker/,833,2026-02-11,Completed
498,CTFC Administration and Improved Commodities,"Modernize the definition of commodity (which is now largely a laundry list
of agricultural commodities) 25 and clarify the treatment of digital assets.",U.S. Financial Regulatory Agencies,CTFC Administration and Improved Commodities,Proposed,A Closer Look at the Trump Administration’s Comprehensive Report on Digital Assets,https://progressivereform.org/tracking-trump-2/project-2025-executive-action-tracker/,833,2026-02-11,In progress
499,CTFC Administration and Improved Commodities,"To augment Commissioners’ independence, establish funding amounts for
the Commissioners’ offices by statute with adjustments for inflation, with
no requirement for a Commissioner to obtain budget or expense approvals
from the Chairman or the agency’s administrative staff.",U.S. Financial Regulatory Agencies,CTFC Administration and Improved Commodities,Not Initiated,,https://progressivereform.org/tracking-trump-2/project-2025-executive-action-tracker/,834,2026-02-11,Not initiated
500,CTFC Administration and Improved Commodities,"Replace the existing position limits rule, which reduces liquidity and makes
markets more volatile, with further delegation of authority to the exchanges
to set position limits and position accountability levels where appropriate
for the relevant market.",U.S. Financial Regulatory Agencies,CTFC Administration and Improved Commodities,Not Initiated,,https://progressivereform.org/tracking-trump-2/project-2025-executive-action-tracker/,834,2026-02-11,Not initiated
501,CTFC Administration and Improved Commodities,"Apply the definitions of “U.S. Person” and “Guarantee” in the CFTC’s 2020
rule on cross-border application of swaps regulations (2020 Cross-Border
Rule) to the regulatory requirements that remain covered by the CFTC’s
2013 guidance on the subject (2013 Guidance). Currently, the definition
of each of these foundational terms differs depending on whether the
requirement in question is covered by the 2020 Cross-Border Rule or the
2013 Guidance.",U.S. Financial Regulatory Agencies,CTFC Administration and Improved Commodities,Initiated/Attempted,CFTC Issues No-Action Relief on Cross-Border Swap Definitions for Investment Managers,https://progressivereform.org/tracking-trump-2/project-2025-executive-action-tracker/,834,2026-02-11,In progress
502,CTFC Administration and Improved Commodities,"Remove the regulatory categories of “affiliate conduit” and “foreign
consolidated subsidiary” from the 2013 Guidance and the CFTC’s cross-
border rule on margin for uncleared swaps, respectively. These categories
were replaced by the concept of a “Significant Risk Subsidiary” for purposes
of the 2020 Cross-Border Rule because of widespread market confusion and
compliance difficulties arising from their broad and vague scope.",U.S. Financial Regulatory Agencies,CTFC Administration and Improved Commodities,Initiated/Attempted,"U.S. CFTC Staff Issues
No-Action Relief to Simplify
Cross-Border Swaps
Regulation",https://progressivereform.org/tracking-trump-2/project-2025-executive-action-tracker/,834,2026-02-11,In progress
503,Improved Regulation,Require that FINRA’s Board of Governors meetings be open to the public unless the board votes to meet in executive session.,U.S. Financial Regulatory Agencies,Improved Regulation,Not Initiated,,https://progressivereform.org/tracking-trump-2/project-2025-executive-action-tracker/,835,2026-02-11,Not initiated
504,Improved Regulation,"Require that FINRA’s Board of Governors’ agenda be made available to the
public in advance.",U.S. Financial Regulatory Agencies,Improved Regulation,Not Initiated,,https://progressivereform.org/tracking-trump-2/project-2025-executive-action-tracker/,836,2026-02-11,Not initiated
505,Improved Regulation,Require that board minutes describing actions taken be published without delay.,U.S. Financial Regulatory Agencies,Improved Regulation,Not Initiated,,https://progressivereform.org/tracking-trump-2/project-2025-executive-action-tracker/,836,2026-02-11,Not initiated
506,Improved Regulation,Require that  FINRA make available to the public in advance rulemakings that the FINRA board is expected to consider.,U.S. Financial Regulatory Agencies,Improved Regulation,Not Initiated,,https://progressivereform.org/tracking-trump-2/project-2025-executive-action-tracker/,836,2026-02-11,Not initiated
507,Improved Regulation,"FINRA arbitration and disciplinary hearings should be open to the
public and reported.",U.S. Financial Regulatory Agencies,Improved Regulation,Not Initiated,,https://progressivereform.org/tracking-trump-2/project-2025-executive-action-tracker/,836,2026-02-11,Not initiated
508,Improved Regulation,"Require FINRA arbitrators to make findings of fact based on the evidentiary
record and demonstrate how those facts led to the award given (except with
respect to very small claims). These written FINRA arbitration decisions
should be subject to SEC review and limited judicial review.",U.S. Financial Regulatory Agencies,Improved Regulation,Not Initiated,,https://progressivereform.org/tracking-trump-2/project-2025-executive-action-tracker/,836,2026-02-11,Not initiated
509,Improved Regulation,"Require that all SRO fines, including those imposed by FINRA, should
go either to a newly established investor reimbursement fund or to the
Treasury. SROs should not have a financial interest in imposing fines.",U.S. Financial Regulatory Agencies,Improved Regulation,Not Initiated,,https://progressivereform.org/tracking-trump-2/project-2025-executive-action-tracker/,836,2026-02-11,Not initiated
510,Improved Regulation,"Require each SRO to submit an annual report to Congress with detailed,
specified information about its budget and fees; its enforcement activities
(including sanctions and fines imposed by type of violation and type of firm
or individual); its dispute resolution activities; and its rulemaking activities.",U.S. Financial Regulatory Agencies,Improved Regulation,Not Initiated,,https://progressivereform.org/tracking-trump-2/project-2025-executive-action-tracker/,836,2026-02-11,Not initiated
511,Improved Regulation,Conduct annual oversight hearings on SROs.,U.S. Financial Regulatory Agencies,Improved Regulation,Not Initiated,,https://progressivereform.org/tracking-trump-2/project-2025-executive-action-tracker/,836,2026-02-11,Not initiated
512,Improved Regulation,"Either make FINRA, the Municipal Securities Rulemaking Board (MSRB),
and the National Futures Association (NFA) “Designated Federal Entities”
and establish an inspector general with respect to financial SROs, including
FINRA, the MSRB, and the NFA or place FINRA, the MSRB, and the NFA
within the ambit of an existing inspector general.",U.S. Financial Regulatory Agencies,Improved Regulation,Not Initiated,,https://progressivereform.org/tracking-trump-2/project-2025-executive-action-tracker/,836,2026-02-11,Not initiated
513,Improved Regulation,"Require the SEC and the CFTC to publish a detailed annual report on SRO
supervision.",U.S. Financial Regulatory Agencies,Improved Regulation,Not Initiated,,https://progressivereform.org/tracking-trump-2/project-2025-executive-action-tracker/,837,2026-02-11,Not initiated
514,Consumer Financial Protection Bureau,"Provided the Supreme Court affirms the Fifth Circuit holding in Community Financial Services Association of America, the next conservative President should order the immediate dissolution of the agency—pull down its prior rules, regulations and guidance, return its staff to their prior agencies and its building to the General Services Administration.",U.S. Financial Regulatory Agencies,Consumer Financial Protection Bureau,Initiated/Attempted,"Federal Court Vacates Preliminary Injunction, Allowing CFPB to Proceed with Layoffs",https://progressivereform.org/tracking-trump-2/project-2025-executive-action-tracker/,839,2026-02-11,In progress
515,Consumer Financial Protection Bureau,"Require that respondents in administrative actions be allowed to
elect whether an adjudication occurs in an administrative law court
or an ordinary Article III federal court.",U.S. Financial Regulatory Agencies,Consumer Financial Protection Bureau,Not Initiated,,https://progressivereform.org/tracking-trump-2/project-2025-executive-action-tracker/,839,2026-02-11,Not initiated
516,Consumer Financial Protection Bureau,"Specify the nature of “deceptive, unfair, and abusive” practices to
define the scope of the CFPB mission more precisely.",U.S. Financial Regulatory Agencies,Consumer Financial Protection Bureau,Completed,"CFPB: Interpretive Rules, Policy Statements, and Advisory Opinions; Withdrawals",https://progressivereform.org/tracking-trump-2/project-2025-executive-action-tracker/,839,2026-02-11,Completed
517,Reining in Big Tech,"Eliminate immunities that courts added to Section 230. The FCC should issue an order that interprets Section 230 in a way that eliminates the expansive, non-textual immunities that courts have read into the statute.",Federal Communications Commission,Reining in Big Tech,Proposed,"Is Section 230 Going to Change? The FTC, DOJ and FCC Signal Significant Change for Online Businesses | Retail & Consumer Products Law Observer",https://progressivereform.org/tracking-trump-2/project-2025-executive-action-tracker/,847,2026-02-11,In progress
518,Reining in Big Tech,Impose transparency rules on Big Tech potentially through Section 230 and the Consolidated Reporting Act as sources of authority.,Federal Communications Commission,Reining in Big Tech,Not Initiated,,https://progressivereform.org/tracking-trump-2/project-2025-executive-action-tracker/,848,2026-02-11,Not initiated
519,National security,Ban TikTok on national security grounds.,Federal Communications Commission,National security,Completed,Trump signs order declaring TikTok sale ready and values it at $14 billion,https://progressivereform.org/tracking-trump-2/project-2025-executive-action-tracker/,851,2026-02-11,Completed
520,National security,Expand the FCC’s Covered List and create a more regular process for reviewing entities with ties to the CCP's surveillance state.,Federal Communications Commission,National security,Completed,US FCC to vote to tighten restrictions on Chinese telecom equipment,https://progressivereform.org/tracking-trump-2/project-2025-executive-action-tracker/,851,2026-02-11,Completed
521,National security,End the unregulated end run and prohibit any regulated carrier from interconnecting with an insecure provider.,Federal Communications Commission,National security,Not Initiated,,https://progressivereform.org/tracking-trump-2/project-2025-executive-action-tracker/,851,2026-02-11,Not initiated
522,National security,Launch a Clean Standards Initiative.,Federal Communications Commission,National security,Initiated/Attempted,FCC Takes Action on “Bad Labs” Apparently Controlled By China,https://progressivereform.org/tracking-trump-2/project-2025-executive-action-tracker/,852,2026-02-11,In progress
523,National security,Stop aiding the CCP’s authoritarian approach to artificial intelligence and  put in place a comprehensive plan that aims to stop U.S. entities from directly or indirectly contributing to China’s malign AI goals.,Federal Communications Commission,National security,Initiated/Attempted,Carr Announces Sweeping New Investigation into CCP-Aligned Entities,https://progressivereform.org/tracking-trump-2/project-2025-executive-action-tracker/,852,2026-02-11,In progress
524,Economic prosperity,Refill America’s spectrum pipeline by developing a national spectrum strategy that both identifies the specific airwaves that the FCC can free for commercial wireless services and sets an aggressive timeline for agency action.,Federal Communications Commission,Economic prosperity,Initiated/Attempted,FCC Looks to Unleash More Spectrum for Satellite Spectrum Abundance,https://progressivereform.org/tracking-trump-2/project-2025-executive-action-tracker/,853,2026-02-11,In progress
525,Children,"The FTC should examine platforms’ advertising and contract-
making with children as a deceptive or unfair trade practice, perhaps
requiring written parental consent.",Federal Trade Commission,Children,Initiated/Attempted,"Less a focus on advertising and contract-making, but nonetheless: https://www.alston.com/en/insights/publications/2025/09/ftc-enforcement-youth-protection-issues",https://progressivereform.org/tracking-trump-2/project-2025-executive-action-tracker/,875,2026-02-11,In progress
526,Children,"The FTC can and should institute unfair trade practices proceedings
against entities that enter into contracts with children without
parental consent.",Federal Trade Commission,Children,Initiated/Attempted,This is repetitive of the entry above,https://progressivereform.org/tracking-trump-2/project-2025-executive-action-tracker/,875,2026-02-11,In progress
527,FECA,"The President must ensure that the DOJ, just like the FEC, is directed to only prosecutive clear violations of FECA",Federal Election Commission,FECA,Completed,Preserving and Protecting the Integrity of American Elections – The White House,https://progressivereform.org/tracking-trump-2/project-2025-executive-action-tracker/,863,2026-02-11,Completed
528,Litigation Discretion,The President should direct the DOJ and the attorney general not to prosecute individuals under an interpretation of the law with which the FEC does not agree.,Federal Election Commission,Litigation Discretion,Completed,Preserving and Protecting the Integrity of American Elections – The White House,https://progressivereform.org/tracking-trump-2/project-2025-executive-action-tracker/,863,2026-02-11,Completed
529,Litigation Discretion,"In making prosecution decision, DOJ should be instructed to consult and consider all official actions by the FEC that interpret the law including prior enforcement actions, regulatory pronouncements, and advisory opinions, just as private practitioners, the public, and political actors must do.",Federal Election Commission,Litigation Discretion,Completed,Preserving and Protecting the Integrity of American Elections – The White House,https://progressivereform.org/tracking-trump-2/project-2025-executive-action-tracker/,863,2026-02-11,Completed
530,Litigation Discretion,The President should direct the attorney general to defend the FEC in all litigation when there is a failure of the commissioners to authorize the general counsel of the agency to defned it.,Federal Election Commission,Litigation Discretion,Not Initiated,,https://progressivereform.org/tracking-trump-2/project-2025-executive-action-tracker/,864,2026-02-11,Not initiated
531,FECA,The President should request that the commissioners of the FEC prepare guidance on relevant jurisprudence and statutory provisions that affect the execution of FECA.,Federal Election Commission,FECA,Not Initiated,,https://progressivereform.org/tracking-trump-2/project-2025-executive-action-tracker/,865,2026-02-11,Not initiated
532,FECA,"In the event that the FEC fails to act, the President should direct the attorney general to prepare a guidance document from the Department of Justice for the public that outlines all of the FECA statutory provisions and FEC regulations that have been changed, amended, or voided by specific court decisions.",Federal Election Commission,FECA,Not Initiated,,https://progressivereform.org/tracking-trump-2/project-2025-executive-action-tracker/,865,2026-02-11,Not initiated
